,,Overall,Overall,Overall,Overall,Overall,Overall,Conf.,Conf.,Home,Home,Away,Away,Points,Points,,School Totals,School Totals,School Totals,School Totals,School Totals,School Totals,School Totals,School Totals,School Totals,School Totals,School Totals,School Totals,School Totals,School Totals,School Totals,School Totals,School Totals
Rk,School,G,W,L,W-L%,SRS,SOS,W,L,W,L,W,L,Tm.,Opp.,,MP,FG,FGA,FG%,3P,3PA,3P%,FT,FTA,FT%,ORB,TRB,AST,STL,BLK,TOV,PF
1,Abilene Christian,23,13,10,.565,-2.90,-5.05,8,4,10,2,3,8,1733,1472,,935,602,1366,.441,163,524,.311,366,496,.738,262,791,344,212,60,328,485
2,Air Force,25,9,16,.360,-0.53,2.88,3,10,6,6,3,7,1838,1863,,1000,618,1358,.455,215,574,.375,387,519,.746,178,810,354,124,39,305,424
3,Akron,24,18,6,.750,7.97,-0.53,8,3,12,2,5,3,1823,1569,,960,618,1390,.445,229,604,.379,358,461,.777,236,896,329,117,68,320,421
4,Alabama A&M,22,6,16,.273,-18.22,-8.27,3,8,4,3,2,12,1390,1609,,885,499,1310,.381,121,434,.279,271,388,.698,217,757,238,132,44,258,387
5,Alabama-Birmingham,25,14,11,.560,-1.42,-0.95,5,7,8,6,4,5,1641,1607,,1000,604,1346,.449,130,407,.319,303,439,.690,268,923,253,139,73,368,409
6,Alabama State,24,7,17,.292,-15.15,-4.90,6,5,3,1,2,13,1482,1728,,960,520,1314,.396,161,510,.316,281,449,.626,206,760,249,138,43,374,466
7,Alabama,23,13,10,.565,12.28,7.85,5,5,8,3,3,5,1900,1798,,935,644,1446,.445,234,672,.348,378,533,.709,255,930,321,147,108,361,459
8,Albany (NY),24,13,11,.542,-6.71,-6.27,6,3,7,4,4,7,1642,1626,,965,551,1317,.418,194,568,.342,346,486,.712,193,836,318,133,67,334,408
9,Alcorn State,22,10,12,.455,-14.23,-7.12,6,5,7,1,3,11,1679,1622,,885,593,1385,.428,203,546,.372,290,389,.746,265,831,304,183,67,312,399
10,American,23,12,11,.522,-5.83,-5.83,8,4,7,3,5,8,1641,1641,,925,605,1337,.453,164,480,.342,267,376,.710,201,748,297,168,79,287,404
11,Appalachian State,25,14,11,.560,0.07,0.28,8,6,8,3,5,7,1715,1661,,1005,598,1368,.437,166,525,.316,353,538,.656,253,899,291,183,58,342,389
12,Arizona State,23,15,8,.652,11.46,7.15,6,4,10,2,4,3,1684,1585,,920,604,1430,.422,165,518,.319,311,453,.687,237,855,255,183,82,305,426
13,Arizona,23,16,7,.696,20.36,7.45,6,4,11,2,2,4,1812,1515,,925,636,1383,.460,169,470,.360,371,505,.735,249,870,364,153,86,259,415
14,Little Rock,25,18,7,.720,2.70,-1.34,12,2,11,2,7,5,1818,1703,,1000,630,1341,.470,156,445,.351,402,563,.714,255,896,372,179,89,400,459
15,Arkansas-Pine Bluff,23,3,20,.130,-20.74,-4.06,2,9,1,6,2,14,1206,1565,,920,442,1119,.395,87,311,.280,235,400,.588,194,705,212,173,76,405,468
16,Arkansas State,25,15,10,.600,-1.87,-0.79,7,7,10,5,5,5,1785,1783,,1010,582,1311,.444,149,419,.356,472,668,.707,236,813,361,168,73,316,516
17,Arkansas,24,16,8,.667,13.86,6.28,4,7,11,3,4,5,1783,1601,,980,608,1393,.436,171,543,.315,396,550,.720,185,784,283,210,95,289,474
18,Army,23,11,12,.478,-10.16,-6.43,6,6,5,5,6,7,1621,1666,,925,631,1323,.477,163,502,.325,196,325,.603,154,768,374,128,36,290,350
19,Auburn,23,21,2,.913,16.04,6.17,8,2,13,0,4,2,1830,1603,,945,611,1397,.437,196,620,.316,412,611,.674,316,955,305,140,120,302,428
20,Austin Peay,25,16,9,.640,-0.13,-3.52,10,2,11,0,4,8,1932,1792,,1000,681,1466,.465,176,502,.351,394,540,.730,292,873,334,174,77,322,457
21,Ball State,24,14,10,.583,4.41,-1.72,7,4,8,3,4,5,1667,1482,,960,588,1380,.426,218,650,.335,273,410,.666,219,854,331,166,83,305,369
22,Baylor,23,22,1,.957,20.07,6.85,11,0,11,0,7,0,1646,1342,,920,582,1360,.428,178,506,.352,304,435,.699,305,875,316,178,106,271,375
23,Belmont,25,18,7,.720,4.55,-5.87,9,3,10,1,8,5,2016,1717,,1000,754,1591,.474,253,713,.355,255,355,.718,223,957,467,183,80,309,393
24,Bethune-Cookman,24,12,12,.500,-9.59,-7.17,6,4,7,1,3,11,1823,1770,,960,641,1479,.433,149,455,.327,392,562,.698,277,915,300,179,62,366,485
25,Binghamton,23,8,15,.348,-15.74,-4.69,2,8,6,5,2,10,1590,1748,,925,574,1401,.410,225,680,.331,217,304,.714,236,819,274,112,75,305,366
26,Boise State,26,17,9,.654,8.60,3.28,9,5,12,1,3,7,2020,1810,,1065,687,1510,.455,222,639,.347,424,566,.749,212,890,333,148,38,314,447
27,Boston College,24,12,12,.500,3.24,6.74,6,7,7,7,4,5,1557,1641,,965,555,1372,.405,162,540,.300,285,433,.658,217,802,295,197,70,332,383
28,Boston University,26,15,11,.577,-2.10,-5.10,9,4,8,3,7,6,1884,1781,,1050,717,1538,.466,174,539,.323,276,417,.662,258,922,331,151,54,296,396
29,Bowling Green State,25,18,7,.720,0.50,-0.32,9,3,11,1,4,3,1885,1823,,1010,681,1605,.424,194,583,.333,329,447,.736,278,991,311,142,60,260,449
30,Bradley,25,16,9,.640,5.28,-0.09,7,5,13,1,2,7,1776,1614,,1000,631,1442,.438,170,461,.369,344,467,.737,287,973,339,121,96,311,416
31,Brigham Young,26,19,7,.731,16.99,6.51,8,3,12,1,3,5,2092,1795,,1055,784,1544,.508,277,649,.427,247,349,.708,162,861,460,141,52,293,430
32,Brown,19,11,8,.579,-3.43,-0.88,4,2,10,2,1,6,1312,1332,,760,450,1097,.410,135,421,.321,277,388,.714,243,748,241,123,87,309,329
33,Bryant,24,12,12,.500,-5.35,-5.79,4,7,8,4,4,8,1704,1645,,965,604,1453,.416,216,670,.322,280,409,.685,276,941,339,177,106,352,456
34,Bucknell,25,9,16,.360,-8.41,-3.05,5,7,6,4,2,10,1707,1841,,1000,599,1445,.415,201,602,.334,308,424,.726,226,814,299,180,88,342,488
35,Buffalo,24,15,9,.625,1.29,-0.41,6,5,8,5,4,3,1873,1797,,960,700,1601,.437,193,607,.318,280,429,.653,360,1022,370,198,115,347,432
36,Butler,24,18,6,.750,15.50,7.83,6,5,11,2,4,4,1653,1469,,965,599,1290,.464,157,459,.342,298,406,.734,206,843,308,120,63,273,405
37,Cal Poly,23,7,16,.304,-9.46,0.73,4,5,7,3,0,11,1526,1693,,930,538,1273,.423,147,425,.346,303,444,.682,182,738,224,150,60,322,462
38,Cal State Bakersfield,24,10,14,.417,-5.29,-1.29,4,5,7,5,3,9,1694,1658,,985,628,1420,.442,128,384,.333,310,450,.689,320,916,294,158,76,335,532
39,Cal State Fullerton,25,9,16,.360,-7.04,-1.04,4,6,4,7,4,8,1677,1744,,1005,590,1375,.429,156,471,.331,341,501,.681,194,824,281,141,75,322,443
40,Cal State Northridge,25,10,15,.400,-7.31,-0.48,5,4,7,3,3,11,1862,1950,,1000,673,1494,.450,191,524,.365,325,452,.719,221,828,353,145,73,294,438
41,California Baptist,24,17,7,.708,-0.72,-6.34,7,3,12,5,5,2,1913,1688,,965,644,1444,.446,232,618,.375,393,510,.771,280,978,353,97,87,313,448
42,UC-Davis,25,10,15,.400,-5.47,-2.08,4,5,5,3,4,10,1800,1772,,1010,637,1400,.455,196,515,.381,330,429,.769,190,771,321,152,46,323,466
43,UC-Irvine,25,15,10,.600,3.56,-1.35,7,2,9,1,4,8,1856,1640,,1000,691,1481,.467,146,440,.332,328,442,.742,297,1012,374,163,91,354,486
44,UC-Riverside,25,14,11,.560,-4.29,-4.51,4,5,10,2,4,9,1646,1537,,1000,595,1353,.440,206,586,.352,250,362,.691,224,913,320,122,58,331,434
45,UC-Santa Barbara,24,16,8,.667,-0.09,-4.13,5,4,10,3,6,5,1728,1599,,965,605,1287,.470,151,446,.339,367,477,.769,245,827,324,109,57,291,408
46,University of California,23,10,13,.435,2.43,7.69,4,6,10,3,0,7,1441,1562,,930,516,1208,.427,115,335,.343,294,409,.719,185,752,214,92,56,299,429
47,Campbell,25,12,13,.480,-9.32,-7.89,3,10,6,4,5,8,1722,1678,,1005,628,1378,.456,196,570,.344,270,368,.734,187,758,369,193,68,330,443
48,Canisius,23,9,14,.391,-6.29,-4.59,4,8,6,3,2,10,1593,1632,,920,587,1313,.447,138,456,.303,281,407,.690,225,753,326,176,57,352,446
49,Central Arkansas,24,8,16,.333,-10.93,-1.06,7,6,6,3,2,12,1804,2011,,990,600,1448,.414,190,593,.320,414,588,.704,260,928,349,131,127,417,497
50,Central Connecticut State,25,2,23,.080,-21.67,-3.67,1,11,2,7,0,14,1541,1939,,1000,557,1423,.391,155,454,.341,272,414,.657,211,780,252,169,81,358,469
51,Central Florida,23,13,10,.565,4.79,3.14,4,7,8,4,3,5,1572,1534,,920,565,1321,.428,159,499,.319,283,408,.694,241,821,309,141,75,311,380
52,Central Michigan,23,13,10,.565,-1.09,-0.39,6,4,11,2,2,8,1870,1741,,920,652,1480,.441,191,558,.342,375,506,.741,255,846,276,218,57,289,355
53,Charleston Southern,25,12,13,.480,-12.55,-5.95,6,7,7,4,5,8,1743,1811,,1015,629,1458,.431,197,614,.321,288,398,.724,204,809,335,159,60,332,408
54,Charlotte,23,14,9,.609,1.79,-2.26,8,4,12,1,2,8,1573,1480,,935,547,1181,.463,146,429,.340,333,474,.703,148,745,281,180,81,322,357
55,Chattanooga,25,15,10,.600,-0.66,-1.62,6,6,8,3,5,7,1807,1707,,1005,655,1448,.452,217,601,.361,280,402,.697,238,880,356,117,41,309,385
56,Chicago State,25,4,21,.160,-27.82,-2.32,0,10,3,10,1,9,1569,2062,,1000,526,1276,.412,144,441,.327,373,518,.720,188,744,263,134,67,447,517
57,Cincinnati,23,15,8,.652,12.97,6.10,8,3,10,1,3,5,1668,1510,,940,593,1315,.451,150,470,.319,332,486,.683,246,864,344,150,111,328,410
58,Citadel,23,6,17,.261,-12.09,-1.19,0,12,3,8,3,9,1772,1833,,935,622,1418,.439,216,657,.329,312,455,.686,211,828,348,163,60,365,407
59,Clemson,23,11,12,.478,8.93,7.23,5,8,9,5,1,6,1513,1474,,935,543,1301,.417,187,606,.309,240,359,.669,195,787,297,161,56,283,348
60,Cleveland State,25,9,16,.360,-11.37,-2.25,5,7,6,6,1,10,1583,1777,,1000,553,1336,.414,89,309,.288,388,569,.682,275,859,276,200,67,394,501
61,Coastal Carolina,25,13,12,.520,-0.83,-0.09,6,8,8,8,5,3,1950,1896,,1000,684,1536,.445,189,564,.335,393,556,.707,337,1006,334,196,76,399,539
62,Colgate,26,20,6,.769,1.30,-4.50,11,2,10,1,9,5,1954,1770,,1045,705,1574,.448,264,732,.361,280,367,.763,245,934,369,147,79,291,393
63,College of Charleston,25,15,10,.600,2.49,-0.64,9,4,8,5,6,3,1785,1684,,1000,616,1394,.442,192,551,.348,361,467,.773,206,845,271,155,66,269,430
64,Colorado State,26,17,9,.654,8.28,4.52,8,5,10,4,4,4,1985,1866,,1060,699,1472,.475,214,578,.370,371,547,.678,222,912,411,176,53,332,384
65,Colorado,24,19,5,.792,17.47,7.56,8,3,12,2,3,3,1740,1502,,965,580,1309,.443,184,495,.372,396,535,.740,243,892,333,151,75,323,348
66,Columbia,22,6,16,.273,-9.33,-3.48,1,5,5,3,0,12,1472,1565,,885,549,1317,.417,162,505,.321,212,299,.709,173,771,264,119,76,265,327
67,Connecticut,23,13,10,.565,10.06,4.36,4,6,10,3,1,5,1630,1499,,950,570,1381,.413,162,493,.329,328,455,.721,291,882,291,158,152,330,431
68,Coppin State,26,8,18,.308,-13.94,-6.75,4,7,4,5,4,13,1750,1937,,1050,620,1585,.391,206,760,.271,304,481,.632,258,1007,263,173,75,381,468
69,Cornell,19,5,14,.263,-8.28,-2.16,2,4,5,3,0,11,1282,1317,,765,471,1091,.432,139,455,.305,201,289,.696,182,648,283,131,52,225,309
70,Creighton,24,18,6,.750,14.96,8.30,7,4,13,1,4,4,1855,1665,,965,661,1418,.466,223,598,.373,310,425,.729,192,843,363,147,54,261,368
71,Dartmouth,21,7,14,.333,-6.08,-2.93,0,6,3,3,3,10,1349,1363,,850,503,1160,.434,148,459,.322,195,298,.654,143,730,254,100,51,268,372
72,Davidson,23,12,11,.522,8.22,2.83,6,5,8,1,3,6,1661,1537,,945,583,1297,.449,215,593,.363,280,364,.769,183,760,319,132,56,260,376
73,Dayton,24,22,2,.917,19.59,3.63,11,0,14,0,5,0,1959,1576,,975,716,1369,.523,201,547,.367,326,445,.733,196,842,438,151,89,302,405
74,Delaware State,23,3,20,.130,-22.58,-6.92,2,7,3,8,0,11,1619,1913,,920,569,1410,.404,167,544,.307,314,467,.672,231,793,240,158,44,367,467
75,Delaware,25,18,7,.720,-1.96,-4.46,8,4,9,2,5,4,1869,1763,,1005,673,1402,.480,195,542,.360,328,433,.758,186,845,327,137,81,320,405
76,Denver,25,5,20,.200,-10.64,-1.98,1,10,4,8,0,11,1706,1897,,1005,608,1371,.443,130,393,.331,360,530,.679,169,819,272,147,52,344,513
77,DePaul,24,13,11,.542,9.76,6.98,1,10,9,6,4,5,1749,1656,,970,640,1437,.445,142,446,.318,327,500,.654,279,915,342,204,127,353,475
78,Detroit Mercy,25,6,19,.240,-9.39,-0.75,4,8,4,5,1,13,1734,1950,,1000,576,1479,.389,219,676,.324,363,460,.789,274,892,270,144,80,347,433
79,Drake,25,16,9,.640,1.46,-0.11,6,6,12,1,2,7,1761,1662,,1000,651,1403,.464,187,543,.344,272,384,.708,197,847,394,143,91,316,420
80,Drexel,25,13,12,.520,-4.19,-2.15,6,6,10,3,1,9,1730,1746,,1005,622,1415,.440,186,531,.350,300,423,.709,269,901,359,150,74,380,400
81,Duke,24,21,3,.875,24.08,7.54,11,2,11,2,7,1,1982,1585,,970,723,1507,.480,167,476,.351,369,527,.700,309,956,388,210,141,328,425
82,Duquesne,23,17,6,.739,7.37,0.32,7,4,9,2,3,2,1646,1484,,925,576,1292,.446,182,557,.327,312,422,.739,223,798,325,157,136,295,345
83,East Carolina,24,10,14,.417,-2.31,-0.15,4,7,8,5,1,7,1655,1707,,960,572,1361,.420,132,464,.284,379,523,.725,243,860,337,153,76,328,499
84,East Tennessee State,25,21,4,.840,7.95,-0.82,10,2,13,1,8,3,1908,1561,,1000,680,1434,.474,190,557,.341,358,533,.672,280,895,355,222,97,298,431
85,Eastern Illinois,24,12,12,.500,-4.66,-7.03,5,7,8,1,3,10,1804,1659,,960,668,1456,.459,162,462,.351,306,456,.671,261,891,331,184,113,312,403
86,Eastern Kentucky,25,12,13,.480,-11.04,-4.73,9,3,8,3,4,8,1898,1921,,1000,652,1605,.406,216,669,.323,378,523,.723,265,844,322,243,54,349,460
87,Eastern Michigan,24,13,11,.542,-3.73,1.17,3,8,8,3,3,8,1559,1515,,960,538,1271,.423,136,476,.286,347,554,.626,239,842,234,253,81,366,408
88,Eastern Washington,23,16,7,.696,0.93,-1.03,9,3,9,1,7,6,1877,1697,,930,684,1479,.462,217,613,.354,292,433,.674,241,891,405,174,93,309,449
89,Elon,26,9,17,.346,-8.71,-1.53,5,8,7,7,2,10,1776,1863,,1045,605,1484,.408,254,713,.356,312,422,.739,221,874,341,126,49,313,506
90,Evansville,25,9,16,.360,-7.21,-0.05,0,12,5,7,3,7,1709,1863,,1030,594,1402,.424,188,599,.314,333,459,.725,181,815,304,120,58,324,409
91,Fairfield,23,9,14,.391,-8.71,-4.45,5,7,4,5,4,7,1373,1471,,935,489,1213,.403,113,356,.317,282,401,.703,230,788,216,120,66,331,367
92,Fairleigh Dickinson,22,6,16,.273,-11.86,-4.34,4,7,4,4,2,12,1529,1638,,890,556,1264,.440,150,442,.339,267,371,.720,202,725,248,133,76,289,361
93,Florida A&M,22,9,13,.409,-11.02,-3.79,7,4,6,0,3,11,1458,1617,,890,537,1291,.416,84,297,.283,300,469,.640,254,761,225,164,39,336,425
94,Florida Atlantic,25,14,11,.560,-2.00,-1.73,6,6,12,3,2,8,1768,1709,,1010,639,1502,.425,204,627,.325,286,413,.692,274,924,300,186,51,346,424
95,Florida Gulf Coast,26,7,19,.269,-11.22,-3.18,4,7,5,9,2,10,1591,1748,,1050,584,1444,.404,181,598,.303,242,350,.691,266,888,330,159,103,409,413
96,Florida International,25,17,8,.680,0.82,-2.36,8,4,11,1,5,6,1962,1811,,1005,712,1542,.462,233,644,.362,305,465,.656,264,911,376,233,163,387,439
97,Florida State,24,20,4,.833,16.66,6.62,10,3,12,0,5,4,1803,1562,,970,651,1425,.457,182,508,.358,319,415,.769,256,824,320,223,137,320,412
98,Florida,23,14,9,.609,13.18,8.18,6,4,8,3,2,5,1657,1542,,930,585,1315,.445,158,476,.332,329,454,.725,242,829,263,139,89,272,396
99,Fordham,23,7,16,.304,-4.60,-0.38,1,10,6,8,0,6,1324,1421,,935,475,1248,.381,168,520,.323,206,333,.619,188,758,260,165,64,284,393
100,Fresno State,24,8,16,.333,1.90,3.64,4,9,5,6,3,9,1652,1647,,980,570,1358,.420,215,648,.332,297,417,.712,262,882,286,121,86,310,403
101,Furman,25,20,5,.800,7.76,-1.37,10,2,11,1,8,4,1949,1656,,1010,705,1464,.482,246,687,.358,293,429,.683,200,804,382,203,71,295,378
102,Gardner-Webb,24,10,14,.417,-6.55,-5.32,6,6,4,5,4,9,1722,1711,,995,594,1382,.430,197,549,.359,337,482,.699,244,852,333,157,99,317,391
103,George Mason,23,13,10,.565,0.65,0.65,2,8,9,4,1,6,1565,1565,,925,553,1326,.417,142,460,.309,317,453,.700,275,858,255,150,109,296,376
104,George Washington,24,10,14,.417,-3.74,-0.69,4,7,7,6,1,7,1605,1678,,980,561,1331,.421,181,563,.321,302,417,.724,195,807,294,127,105,300,394
105,Georgetown,24,14,10,.583,11.93,8.30,4,7,10,5,3,4,1843,1756,,960,652,1474,.442,149,439,.339,390,505,.772,297,954,377,152,106,327,387
106,Georgia Southern,25,15,10,.600,0.14,-1.60,9,5,9,2,5,7,1905,1781,,1000,669,1542,.434,218,656,.332,349,506,.690,256,882,308,202,105,313,412
107,Georgia State,25,16,9,.640,3.74,-0.31,9,5,9,1,6,8,1972,1780,,1010,700,1582,.442,216,584,.370,356,484,.736,302,937,367,210,104,353,516
108,Georgia Tech,24,11,13,.458,9.17,9.21,5,8,6,6,4,6,1635,1608,,970,616,1367,.451,124,414,.300,279,426,.655,232,863,328,166,116,382,447
109,Georgia,23,12,11,.522,8.63,7.00,2,8,10,3,2,6,1767,1728,,935,641,1420,.451,162,531,.305,323,468,.690,282,886,321,176,79,340,426
110,Gonzaga,26,25,1,.962,23.36,1.70,11,0,14,0,9,0,2302,1739,,1045,833,1611,.517,205,524,.391,431,632,.682,294,1051,447,207,107,293,383
111,Grambling,24,13,11,.542,-12.09,-7.74,7,4,8,2,5,8,1739,1661,,960,645,1414,.456,114,385,.296,335,496,.675,259,887,319,175,94,337,446
112,Grand Canyon,23,10,13,.435,-5.15,-2.51,5,4,5,6,4,4,1608,1675,,925,565,1272,.444,138,427,.323,340,450,.756,173,751,269,110,29,265,370
113,Green Bay,26,12,14,.462,-5.97,-1.80,7,6,7,5,5,9,2105,2092,,1045,760,1669,.455,207,559,.370,378,508,.744,255,935,433,186,77,331,488
114,Hampton,24,11,13,.458,-13.62,-5.43,6,5,10,3,1,10,1888,1925,,970,669,1440,.465,137,422,.325,413,602,.686,258,887,359,130,106,307,468
115,Hartford,25,13,12,.520,-7.36,-5.40,6,4,7,6,6,6,1647,1670,,1000,581,1398,.416,182,554,.329,303,435,.697,191,847,316,187,62,335,435
116,Harvard,21,14,7,.667,2.78,-1.02,3,3,6,0,7,4,1540,1407,,850,556,1209,.460,154,451,.341,274,388,.706,211,781,259,143,110,297,378
117,Hawaii,22,14,8,.636,0.32,-1.21,5,3,13,3,1,5,1567,1518,,885,556,1266,.439,168,495,.339,287,409,.702,218,756,324,117,52,295,393
118,High Point,25,7,18,.280,-17.75,-3.79,4,8,4,8,3,10,1638,1916,,1010,546,1372,.398,159,506,.314,387,549,.705,290,860,307,127,89,368,464
119,Hofstra,25,18,7,.720,1.59,-3.91,9,3,7,3,9,4,1915,1741,,1000,668,1494,.447,195,548,.356,384,496,.774,257,879,305,176,49,289,376
120,Holy Cross,25,3,22,.120,-16.59,-3.76,2,10,2,9,0,12,1684,1995,,1015,630,1437,.438,186,554,.336,238,355,.670,227,811,306,122,69,360,468
121,Houston Baptist,21,3,18,.143,-18.23,-2.23,3,9,2,6,1,11,1715,2051,,845,588,1340,.439,165,454,.363,374,517,.723,267,769,266,113,47,349,442
122,Houston,24,19,5,.792,15.95,4.86,9,2,11,2,5,3,1769,1503,,960,624,1433,.435,163,480,.340,358,502,.713,336,1009,325,120,127,285,462
123,Howard,26,2,24,.077,-21.41,-6.00,0,11,1,12,1,11,1818,2133,,1055,647,1550,.417,192,571,.336,332,483,.687,262,846,343,157,86,368,484
124,Idaho State,22,6,16,.273,-7.86,-1.16,3,10,4,7,2,9,1518,1561,,895,548,1203,.456,145,421,.344,277,431,.643,221,735,275,102,53,308,354
125,Idaho,23,6,17,.261,-10.19,-2.24,2,10,4,7,1,9,1509,1620,,925,563,1277,.441,112,339,.330,271,402,.674,181,781,279,133,52,311,391
126,Illinois-Chicago,26,12,14,.462,-6.46,-3.30,7,6,7,6,4,8,1759,1835,,1045,639,1454,.439,195,573,.340,286,416,.688,237,929,372,146,112,416,486
127,Illinois State,24,8,16,.333,-3.11,1.94,3,9,8,4,0,9,1592,1689,,960,580,1357,.427,188,537,.350,244,355,.687,218,799,293,133,64,336,409
128,Illinois,24,16,8,.667,15.80,8.98,8,5,12,3,4,4,1767,1558,,965,636,1419,.448,134,428,.313,361,491,.735,307,966,322,117,67,307,384
129,Incarnate Word,23,7,16,.304,-19.18,-6.28,4,8,6,6,1,10,1522,1694,,935,544,1316,.413,131,459,.285,303,421,.720,234,764,281,166,54,353,438
130,Indiana State,23,14,9,.609,4.79,1.84,7,5,10,0,2,7,1603,1531,,925,569,1239,.459,166,425,.391,299,428,.699,185,750,296,130,78,276,404
131,Indiana,23,15,8,.652,14.27,8.79,5,7,12,3,1,5,1664,1538,,925,585,1294,.452,122,387,.315,372,541,.688,264,880,305,125,102,307,392
132,Iona,19,7,12,.368,-8.53,-4.74,5,7,2,5,3,6,1304,1376,,770,451,1057,.427,160,482,.332,242,327,.740,159,623,244,145,63,279,358
133,Iowa State,23,10,13,.435,10.70,8.62,3,7,9,4,0,7,1703,1655,,925,620,1405,.441,169,537,.315,294,396,.742,237,805,341,185,104,294,354
134,Iowa,24,17,7,.708,16.55,9.09,8,5,12,1,3,4,1899,1720,,960,663,1469,.451,196,558,.351,377,505,.747,289,916,426,157,87,286,372
135,Purdue-Fort Wayne,26,12,14,.462,-8.34,-3.81,5,6,9,4,3,10,1811,1834,,1040,665,1529,.435,225,671,.335,256,379,.675,267,915,329,186,73,360,405
136,IUPUI,26,6,20,.231,-14.19,-3.65,2,11,3,8,3,10,1830,2046,,1050,647,1573,.411,207,612,.338,329,511,.644,293,941,347,170,71,367,466
137,Jackson State,24,10,14,.417,-11.68,-6.05,7,4,6,3,4,11,1600,1659,,960,586,1417,.414,109,420,.260,319,460,.693,235,773,275,199,90,311,468
138,Jacksonville State,25,10,15,.400,-7.42,-5.29,5,7,5,6,4,8,1808,1723,,1005,670,1491,.449,189,558,.339,279,411,.679,262,914,351,158,66,361,406
139,Jacksonville,26,12,14,.462,-5.76,-5.10,5,6,5,6,6,6,1729,1713,,1055,619,1469,.421,171,543,.315,320,474,.675,261,998,285,130,69,365,401
140,James Madison,24,9,15,.375,-8.16,-2.86,2,11,6,6,3,9,1774,1848,,960,607,1461,.415,187,581,.322,373,570,.654,254,943,293,154,80,308,435
141,Kansas State,24,9,15,.375,8.56,8.02,2,9,8,5,1,6,1557,1544,,965,543,1317,.412,173,533,.325,298,456,.654,246,803,314,205,61,344,452
142,Kansas,23,20,3,.870,25.24,11.20,9,1,10,1,7,1,1726,1387,,925,637,1310,.486,148,430,.344,304,458,.664,242,895,332,183,117,298,338
143,Kennesaw State,23,1,22,.043,-22.54,-2.02,0,10,1,7,0,13,1294,1766,,920,450,1277,.352,92,370,.249,302,430,.702,242,768,182,118,41,347,397
144,Kent State,24,16,8,.667,4.23,-1.09,6,5,10,2,5,4,1820,1634,,970,660,1466,.450,206,594,.347,294,407,.722,257,874,331,174,107,292,440
145,Kentucky,24,19,5,.792,15.82,6.03,9,2,13,1,5,2,1810,1575,,970,620,1339,.463,114,342,.333,456,578,.789,233,910,335,124,125,304,443
146,La Salle,22,11,11,.500,0.80,1.17,2,8,6,5,2,6,1530,1538,,895,538,1286,.418,185,538,.344,269,409,.658,249,799,297,176,78,337,429
147,Lafayette,23,15,8,.652,-3.77,-5.86,7,5,7,4,8,4,1667,1581,,920,606,1295,.468,214,586,.365,241,325,.742,163,795,370,108,101,287,323
148,Lamar,24,12,12,.500,-9.11,-5.50,6,7,7,4,5,8,1704,1672,,970,618,1430,.432,139,426,.326,329,484,.680,278,865,314,226,111,374,419
149,Lehigh,24,6,18,.250,-11.96,-2.60,3,9,4,6,2,12,1614,1764,,965,606,1378,.440,134,403,.333,268,359,.747,204,816,288,132,59,340,430
150,Liberty,26,23,3,.885,6.34,-6.46,9,2,11,0,6,3,1770,1358,,1040,643,1342,.479,199,545,.365,285,403,.707,196,875,331,147,75,256,346
151,Lipscomb,24,10,14,.417,-8.96,-4.73,5,6,5,5,5,9,1697,1717,,965,622,1417,.439,177,526,.337,276,406,.680,235,849,313,128,60,317,375
152,Cal State Long Beach,24,7,17,.292,-9.99,2.60,2,6,5,5,1,10,1634,1864,,960,590,1360,.434,146,409,.357,308,446,.691,220,813,265,143,95,401,443
153,Long Island University,24,11,13,.458,-7.29,-5.07,6,5,6,4,4,8,1828,1838,,980,635,1428,.445,230,684,.336,328,465,.705,191,826,345,161,86,349,410
154,Longwood,26,10,16,.385,-12.07,-8.28,5,8,6,6,4,10,1765,1809,,1060,588,1455,.404,234,692,.338,355,497,.714,225,887,279,188,54,374,492
155,Louisiana,25,10,15,.400,-5.15,-0.36,5,9,7,6,2,8,1775,1862,,1005,606,1475,.411,188,590,.319,375,513,.731,276,891,267,149,75,359,427
156,Louisiana-Monroe,23,6,17,.261,-8.10,0.14,2,12,6,7,0,10,1439,1566,,925,515,1214,.424,136,404,.337,273,405,.674,201,753,258,105,72,320,379
157,Louisiana State,24,18,6,.750,14.67,6.04,9,2,13,1,4,3,1937,1730,,970,691,1443,.479,146,473,.309,409,528,.775,290,953,312,153,99,317,365
158,Louisiana Tech,24,17,7,.708,6.72,-2.33,8,4,11,1,6,6,1788,1503,,965,655,1408,.465,204,571,.357,274,413,.663,247,891,336,184,57,299,402
159,Louisville,24,21,3,.875,19.03,6.37,12,1,14,1,6,1,1825,1521,,970,639,1371,.466,207,513,.404,340,462,.736,256,938,343,124,69,295,401
160,Loyola (IL),25,16,9,.640,6.18,0.47,8,4,11,2,3,5,1693,1525,,1005,621,1244,.499,139,393,.354,312,467,.668,144,742,363,197,42,329,338
161,Loyola Marymount,24,8,16,.333,-1.24,3.77,2,8,7,6,0,8,1573,1645,,965,585,1250,.468,141,441,.320,262,405,.647,196,716,296,151,46,329,469
162,Loyola (MD),25,12,13,.480,-9.90,-7.11,4,8,7,3,4,10,1834,1874,,1010,640,1366,.469,166,510,.325,388,603,.643,205,837,392,174,72,341,448
163,Maine,24,7,17,.292,-13.81,-3.51,3,7,4,5,2,12,1470,1667,,970,529,1286,.411,160,559,.286,252,360,.700,219,798,336,158,81,367,427
164,Manhattan,21,11,10,.524,-6.11,-6.49,7,5,6,3,5,7,1351,1343,,850,471,1183,.398,160,502,.319,249,398,.626,225,745,285,156,78,295,435
165,Marist,21,6,15,.286,-12.29,-6.96,5,7,3,6,3,9,1275,1387,,855,453,1168,.388,150,446,.336,219,349,.628,204,723,208,147,62,292,390
166,Marquette,23,17,6,.739,16.39,7.87,7,4,12,1,3,4,1799,1603,,940,576,1343,.429,233,601,.388,414,560,.739,234,919,313,121,106,309,437
167,Marshall,25,12,13,.480,1.70,0.53,6,6,8,6,3,7,1879,1815,,1005,708,1580,.448,179,601,.298,284,438,.648,284,950,336,221,143,380,460
168,Maryland-Baltimore County,25,11,14,.440,-9.61,-4.28,4,6,8,4,3,8,1711,1669,,1005,624,1413,.442,179,561,.319,284,460,.617,229,867,327,132,54,329,415
169,Maryland-Eastern Shore,24,3,21,.125,-21.94,-3.20,2,7,2,4,1,17,1330,1715,,970,493,1375,.359,137,554,.247,207,337,.614,230,783,246,181,82,365,443
170,Maryland,24,20,4,.833,18.56,9.10,10,3,14,0,3,4,1721,1494,,960,572,1371,.417,185,581,.318,392,530,.740,276,938,314,114,112,292,355
171,Massachusetts-Lowell,25,9,16,.360,-9.10,-5.02,3,7,6,8,3,8,1856,1911,,1015,655,1455,.450,174,525,.331,372,523,.711,235,861,364,180,69,343,416
172,Massachusetts,24,10,14,.417,-0.86,2.52,4,7,9,3,1,8,1668,1749,,970,598,1386,.431,182,545,.334,290,424,.684,222,775,311,170,73,331,445
173,McNeese State,24,12,12,.500,-7.55,-5.25,7,6,9,4,3,8,1936,1771,,970,693,1376,.504,209,513,.407,341,474,.719,241,870,392,169,101,391,393
174,Memphis,23,17,6,.739,12.99,3.38,6,4,12,3,4,2,1696,1475,,920,597,1309,.456,154,448,.344,348,512,.680,244,915,331,189,148,391,436
175,Mercer,25,12,13,.480,-5.25,-2.56,6,6,7,5,5,6,1790,1793,,1000,654,1456,.449,184,511,.360,298,408,.730,262,901,342,170,68,382,467
176,Merrimack,25,16,9,.640,-7.06,-5.73,10,2,7,2,8,6,1578,1516,,1015,574,1366,.420,187,579,.323,243,353,.688,204,727,311,256,70,306,426
177,Miami (FL),23,11,12,.478,4.67,8.54,3,10,6,4,3,6,1644,1733,,930,592,1355,.437,162,490,.331,298,398,.749,205,761,229,137,81,284,327
178,Miami (OH),24,9,15,.375,-6.74,-1.06,2,9,7,5,1,8,1710,1733,,960,617,1462,.422,208,606,.343,268,379,.707,235,855,294,125,61,282,444
179,Michigan State,25,17,8,.680,21.44,9.72,9,5,10,2,4,4,1892,1599,,1000,674,1483,.454,190,548,.347,354,470,.753,281,1027,445,132,132,317,417
180,Michigan,23,14,9,.609,17.15,10.41,5,7,9,4,1,5,1738,1583,,935,642,1398,.459,195,561,.348,259,363,.713,210,845,343,127,109,266,347
181,Middle Tennessee,25,6,19,.240,-8.54,1.96,2,10,4,8,2,8,1807,1918,,1005,635,1504,.422,206,608,.339,331,491,.674,277,898,324,167,79,341,493
182,Milwaukee,25,12,13,.480,-6.13,-3.22,7,6,7,5,4,6,1791,1798,,1025,639,1563,.409,189,599,.316,324,461,.703,297,935,307,145,81,345,540
183,Minnesota,23,12,11,.522,15.89,11.63,6,7,10,2,1,8,1621,1523,,930,579,1377,.420,181,564,.321,282,390,.723,264,895,336,115,110,266,387
184,Mississippi State,24,15,9,.625,12.36,6.23,6,5,11,2,2,5,1756,1609,,960,619,1344,.461,130,392,.332,388,518,.749,308,922,324,132,118,333,418
185,Mississippi Valley State,23,2,21,.087,-29.97,-6.05,2,9,1,6,1,15,1532,2082,,920,565,1558,.363,178,630,.283,224,337,.665,238,816,235,153,68,325,448
186,Mississippi,24,13,11,.542,8.43,5.68,4,7,10,4,1,6,1674,1608,,970,583,1345,.433,153,466,.328,355,492,.722,217,820,326,175,64,312,462
187,Missouri-Kansas City,25,12,13,.480,-6.53,-1.76,4,6,7,4,3,7,1759,1680,,1020,646,1416,.456,184,495,.372,283,415,.682,221,793,332,201,83,336,529
188,Missouri State,25,11,14,.440,0.55,0.31,5,7,8,4,2,8,1691,1685,,1000,619,1432,.432,165,489,.337,288,387,.744,261,909,294,150,64,342,420
189,Missouri,24,11,13,.458,7.20,5.53,3,8,9,3,1,8,1597,1557,,970,539,1320,.408,169,552,.306,350,456,.768,257,835,276,172,72,350,498
190,Monmouth,23,13,10,.565,-5.41,-4.49,7,5,8,1,4,8,1610,1631,,920,549,1362,.403,170,491,.346,342,463,.739,220,782,296,185,62,305,462
191,Montana State,23,12,11,.522,-4.64,-2.12,6,6,6,3,4,8,1536,1520,,920,539,1229,.439,137,417,.329,321,432,.743,167,812,260,129,50,318,403
192,Montana,24,14,10,.583,-0.40,-0.90,10,3,10,1,4,9,1707,1684,,970,646,1394,.463,137,384,.357,278,380,.732,166,769,296,148,84,295,492
193,Morehead State,25,12,13,.480,-10.32,-7.23,6,6,10,2,2,11,1746,1713,,1010,655,1497,.438,146,483,.302,290,452,.642,268,942,350,156,113,307,404
194,Morgan State,26,13,13,.500,-12.49,-8.14,7,4,7,4,6,6,1830,1843,,1055,646,1520,.425,139,483,.288,399,565,.706,331,1006,296,140,108,424,586
195,Mount St. Mary's,24,10,14,.417,-8.07,-6.46,6,5,7,3,3,11,1554,1574,,975,540,1356,.398,161,533,.302,313,452,.692,274,871,256,123,79,287,392
196,Murray State,24,18,6,.750,1.86,-6.42,11,1,12,0,5,4,1844,1561,,970,648,1344,.482,161,438,.368,387,539,.718,236,916,352,127,90,334,430
197,Navy,23,12,11,.522,-5.77,-5.68,6,6,8,4,4,7,1472,1443,,935,516,1237,.417,156,504,.310,284,409,.694,266,822,269,125,33,286,356
198,Omaha,25,12,13,.480,-4.61,0.02,5,5,10,2,2,10,1832,1924,,1010,684,1515,.451,158,454,.348,306,428,.715,240,888,315,133,80,321,427
199,Nebraska,24,7,17,.292,4.28,8.74,2,11,5,7,0,9,1720,1827,,980,624,1496,.417,200,611,.327,272,451,.603,213,847,349,156,55,270,365
200,Nevada-Las Vegas,25,12,13,.480,4.36,4.00,7,5,10,5,2,7,1775,1766,,1030,615,1437,.428,182,580,.314,363,502,.723,314,960,311,148,71,349,498
201,Nevada,25,15,10,.600,9.46,4.10,8,5,11,2,1,7,1923,1789,,1000,676,1518,.445,252,652,.387,317,419,.757,216,950,375,128,90,297,494
202,New Hampshire,22,11,11,.500,-7.50,-5.80,4,5,8,2,3,9,1540,1456,,890,562,1353,.415,187,564,.332,229,352,.651,256,933,301,110,49,310,401
203,New Mexico State,25,19,6,.760,2.85,-3.80,10,0,9,1,7,3,1768,1495,,1005,624,1363,.458,224,637,.352,296,422,.701,263,870,359,156,43,340,397
204,New Mexico,26,17,9,.654,3.39,1.35,6,7,14,1,2,7,2050,1978,,1040,725,1512,.479,173,521,.332,427,593,.720,256,931,398,207,74,381,407
205,New Orleans,23,7,16,.304,-12.70,-2.17,3,10,5,6,2,10,1751,1769,,920,616,1335,.461,127,368,.345,392,508,.772,219,724,347,187,51,333,437
206,Niagara,23,7,16,.304,-11.40,-3.01,5,7,5,3,2,13,1505,1698,,925,554,1303,.425,168,481,.349,229,310,.739,149,628,284,169,57,248,362
207,Nicholls State,24,15,9,.625,-3.31,-3.46,9,4,9,1,5,7,1835,1646,,970,665,1527,.435,189,582,.325,316,421,.751,277,842,300,249,84,344,472
208,NJIT,23,7,16,.304,-10.29,-4.47,4,6,4,6,3,10,1485,1585,,920,541,1326,.408,137,442,.310,266,391,.680,220,771,252,130,63,261,386
209,Norfolk State,24,11,13,.458,-6.99,-7.14,7,2,8,2,2,10,1690,1557,,965,592,1385,.427,185,553,.335,321,459,.699,270,878,317,181,51,350,458
210,North Alabama,24,10,14,.417,-8.56,-4.65,5,6,7,4,3,10,1644,1671,,960,561,1333,.421,167,505,.331,355,510,.696,233,859,262,160,63,361,474
211,North Carolina-Asheville,23,10,13,.435,-9.71,-7.38,4,8,6,5,4,8,1752,1735,,925,637,1400,.455,192,556,.345,286,440,.650,213,709,258,197,51,272,460
212,North Carolina A&T,26,12,14,.462,-9.87,-5.39,8,3,8,1,3,11,1838,1888,,1050,653,1563,.418,147,496,.296,385,627,.614,296,1013,359,217,95,405,541
213,North Carolina Central,24,12,12,.500,-9.95,-6.29,8,2,8,0,4,12,1616,1543,,965,600,1320,.455,136,447,.304,280,426,.657,225,795,322,211,72,374,449
214,North Carolina-Greensboro,25,19,6,.760,7.48,-1.60,9,3,12,3,7,3,1862,1523,,1010,696,1599,.435,222,685,.324,248,395,.628,332,926,318,249,104,291,463
215,North Carolina State,24,16,8,.667,10.93,5.51,7,6,11,3,5,4,1789,1659,,965,658,1469,.448,175,539,.325,298,424,.703,249,860,322,181,111,284,429
216,North Carolina-Wilmington,26,8,18,.308,-10.45,-0.97,3,10,6,7,1,10,1795,1877,,1050,638,1484,.430,176,516,.341,343,490,.700,231,897,310,164,84,347,445
217,North Carolina,24,10,14,.417,8.50,8.92,3,10,5,7,2,6,1713,1723,,980,622,1516,.410,127,443,.287,340,519,.655,340,1041,347,146,91,315,411
218,North Dakota State,25,18,7,.720,1.28,-3.68,9,2,10,1,7,5,1849,1641,,1000,631,1400,.451,225,647,.348,362,459,.789,191,878,304,120,62,261,389
219,North Dakota,25,11,14,.440,-6.29,-1.11,5,6,7,2,3,11,1880,1845,,1000,651,1412,.461,202,579,.349,376,487,.772,220,910,331,115,56,354,430
220,North Florida,26,16,10,.615,-1.09,-2.68,9,2,9,1,6,8,2016,1894,,1040,693,1556,.445,307,808,.380,323,424,.762,265,926,397,129,94,334,425
221,North Texas,25,16,9,.640,7.21,1.64,10,2,10,2,6,5,1788,1583,,1000,637,1321,.482,217,551,.394,297,400,.743,219,807,315,166,64,344,439
222,Northeastern,24,11,13,.458,1.53,-3.51,5,7,4,5,6,6,1736,1615,,965,628,1326,.474,207,532,.389,273,339,.805,172,745,313,189,41,299,417
223,Northern Arizona,22,13,9,.591,-4.11,-2.51,7,6,7,3,5,6,1602,1524,,885,577,1270,.454,169,446,.379,279,395,.706,210,754,295,152,52,267,370
224,Northern Colorado,23,15,8,.652,4.15,-2.43,8,4,9,2,4,5,1695,1446,,930,605,1350,.448,237,648,.366,248,363,.683,209,804,301,125,57,239,346
225,Northern Illinois,25,15,10,.600,-0.82,-2.07,8,4,9,3,6,7,1662,1584,,1000,603,1464,.412,181,537,.337,275,410,.671,294,979,253,141,61,303,436
226,Northern Iowa,24,21,3,.875,11.54,2.04,10,2,13,0,7,2,1848,1558,,970,655,1351,.485,230,574,.401,308,402,.766,219,894,290,112,53,303,351
227,Northern Kentucky,25,18,7,.720,1.17,-4.48,10,3,10,2,8,5,1843,1633,,1010,648,1471,.441,214,675,.317,333,483,.689,286,930,359,200,52,326,448
228,Northwestern State,22,10,12,.455,-11.86,-6.07,7,6,6,4,4,8,1617,1653,,885,575,1316,.437,169,491,.344,298,411,.725,241,869,286,120,103,379,444
229,Northwestern,22,6,16,.273,6.19,8.92,1,11,4,8,1,7,1441,1501,,885,524,1249,.420,144,442,.326,249,333,.748,181,740,304,94,58,239,373
230,Notre Dame,24,15,9,.625,11.58,4.16,6,7,12,3,3,5,1802,1624,,970,640,1502,.426,236,681,.347,286,387,.739,251,917,407,139,93,234,298
231,Oakland,25,8,17,.320,-6.33,-1.37,3,9,3,5,3,10,1642,1733,,1010,571,1357,.421,149,505,.295,351,506,.694,256,894,333,150,73,353,398
232,Ohio State,23,15,8,.652,18.50,8.46,5,7,10,2,3,5,1647,1416,,920,562,1249,.450,198,522,.379,325,447,.727,228,853,321,108,87,305,402
233,Ohio,24,12,12,.500,-0.59,-0.23,4,7,8,5,3,5,1701,1632,,960,619,1387,.446,199,585,.340,264,387,.682,233,856,347,150,62,312,398
234,Oklahoma State,24,12,12,.500,10.60,9.35,2,9,6,6,4,5,1607,1577,,960,566,1371,.413,147,486,.302,328,456,.719,251,873,286,166,89,309,424
235,Oklahoma,23,15,8,.652,12.26,8.87,5,5,10,1,2,6,1630,1552,,920,573,1348,.425,169,522,.324,315,410,.768,182,841,276,142,88,253,303
236,Old Dominion,25,10,15,.400,0.78,0.38,6,6,8,4,2,8,1624,1614,,1005,601,1491,.403,136,484,.281,286,411,.696,297,982,256,176,81,301,427
237,Oral Roberts,24,12,12,.500,0.50,-0.40,5,6,9,1,3,11,1881,1744,,960,670,1522,.440,189,585,.323,352,467,.754,299,915,292,151,58,266,403
238,Oregon State,23,14,9,.609,9.57,3.83,4,7,9,3,3,5,1687,1555,,920,585,1259,.465,133,416,.320,384,515,.746,205,765,337,145,122,259,366
239,Oregon,24,18,6,.750,16.80,8.50,7,4,12,0,4,4,1820,1621,,990,665,1423,.467,198,517,.383,292,423,.690,262,863,344,190,73,294,427
240,Pacific,27,19,8,.704,3.28,-0.36,7,4,13,3,5,4,1890,1739,,1115,689,1529,.451,153,439,.349,359,539,.666,298,998,324,151,106,338,511
241,Penn State,24,19,5,.792,18.01,8.10,9,4,12,1,5,3,1861,1623,,960,667,1491,.447,195,582,.335,332,480,.692,265,933,355,195,125,280,423
242,Pennsylvania,19,12,7,.632,0.91,0.02,4,2,5,2,5,4,1426,1362,,765,531,1151,.461,161,501,.321,203,300,.677,154,701,291,110,63,246,292
243,Pepperdine,25,13,12,.520,2.03,2.35,6,5,8,3,5,6,1935,1943,,1010,657,1496,.439,203,567,.358,418,522,.801,240,835,376,153,84,311,460
244,Pittsburgh,24,15,9,.625,9.22,5.89,6,7,11,4,2,5,1602,1522,,965,562,1356,.414,131,432,.303,347,478,.726,288,839,305,184,86,285,368
245,Portland State,25,12,13,.480,-2.78,-1.39,6,7,7,2,4,11,1926,1880,,1000,713,1621,.440,150,467,.321,350,494,.709,365,945,323,206,106,322,458
246,Portland,26,9,17,.346,-6.25,1.46,1,10,7,7,2,6,1759,1872,,1050,631,1448,.436,173,502,.345,324,487,.665,188,851,358,146,98,358,428
247,Prairie View,23,12,11,.522,-4.69,-4.64,8,2,7,0,4,10,1629,1577,,925,582,1324,.440,99,329,.301,366,521,.702,224,744,306,207,56,345,490
248,Presbyterian,25,9,16,.360,-14.86,-6.12,6,6,6,4,3,10,1667,1815,,1010,597,1342,.445,155,488,.318,318,447,.711,229,853,312,152,49,374,462
249,Princeton,19,10,9,.526,-2.67,-1.73,5,1,5,4,3,4,1372,1343,,765,499,1063,.469,153,441,.347,221,314,.704,170,620,252,119,40,249,309
250,Providence,24,13,11,.542,11.02,6.81,6,5,9,3,3,5,1683,1582,,965,590,1457,.405,170,536,.317,333,485,.687,321,917,354,202,83,317,444
251,Purdue,25,14,11,.560,17.05,9.61,7,7,10,3,3,6,1732,1546,,1025,643,1499,.429,191,547,.349,255,388,.657,314,908,350,166,88,283,426
252,Quinnipiac,22,11,11,.500,-7.32,-6.78,6,6,7,4,3,6,1532,1544,,880,513,1226,.418,226,624,.362,280,363,.771,213,809,307,92,81,305,319
253,Radford,24,15,9,.625,-2.24,-3.64,10,2,7,2,7,6,1705,1578,,965,619,1345,.460,184,529,.348,283,450,.629,243,864,313,129,54,261,435
254,Rhode Island,24,18,6,.750,11.57,5.19,10,2,11,1,6,4,1793,1640,,965,638,1482,.430,136,420,.324,381,553,.689,291,942,304,208,91,293,413
255,Rice,25,12,13,.480,-4.18,-0.31,4,8,6,5,4,7,1864,1895,,1000,633,1449,.437,252,718,.351,346,490,.706,225,884,356,150,57,334,402
256,Richmond,23,17,6,.739,9.47,2.78,7,3,10,2,6,2,1727,1573,,930,625,1339,.467,186,509,.365,291,370,.786,156,763,348,187,60,249,356
257,Rider,23,14,9,.609,-3.44,-5.49,8,5,8,1,4,8,1671,1624,,920,586,1331,.440,150,447,.336,349,526,.663,263,876,304,157,57,328,387
258,Robert Morris,25,14,11,.560,-5.67,-6.00,10,2,7,2,6,9,1716,1668,,1000,633,1465,.432,209,582,.359,241,368,.655,266,852,411,160,43,330,423
259,Rutgers,24,17,7,.708,15.56,7.95,8,5,16,0,1,5,1694,1474,,965,640,1435,.446,129,437,.295,285,443,.643,299,988,316,162,114,305,390
260,Sacramento State,22,12,10,.545,-4.04,-2.64,5,8,8,2,3,8,1331,1274,,880,482,1205,.400,100,338,.296,267,369,.724,256,785,258,145,84,280,383
261,Sacred Heart,25,14,11,.560,-5.24,-7.70,7,5,5,4,8,6,1844,1741,,1000,646,1475,.438,187,574,.326,365,495,.737,306,997,332,130,98,353,400
262,Saint Francis (PA),24,16,8,.667,-3.46,-6.68,9,4,8,2,7,6,1874,1751,,965,667,1443,.462,155,421,.368,385,509,.756,267,866,280,168,59,307,404
263,Saint Joseph's,24,4,20,.167,-6.32,5.26,0,11,2,9,2,8,1669,1947,,965,572,1480,.386,220,731,.301,305,435,.701,271,884,303,113,71,331,418
264,Saint Louis,24,17,7,.708,7.54,3.06,6,5,11,3,4,3,1707,1591,,975,624,1428,.437,135,406,.333,324,555,.584,314,955,331,184,102,300,446
265,Saint Mary's (CA),26,20,6,.769,12.30,4.18,7,4,11,3,5,2,1979,1725,,1070,705,1466,.481,222,537,.413,347,467,.743,211,846,327,176,57,267,418
266,Saint Peter's,22,11,11,.500,-4.78,-5.64,8,5,7,3,4,8,1458,1439,,885,488,1212,.403,140,402,.348,342,477,.717,279,830,234,172,95,373,466
267,Sam Houston State,24,15,9,.625,-2.65,-5.70,8,5,10,2,5,7,1928,1731,,985,694,1516,.458,192,543,.354,348,456,.763,239,826,392,226,74,332,502
268,Samford,26,8,18,.308,-11.97,-0.32,2,10,6,6,2,12,1923,2094,,1050,684,1552,.441,168,496,.339,387,532,.727,271,947,299,177,82,416,438
269,San Diego State,25,25,0,1.000,19.44,2.86,14,0,13,0,9,0,1901,1459,,1000,680,1437,.473,222,574,.387,319,422,.756,243,901,383,169,75,273,428
270,San Diego,26,9,17,.346,-3.06,3.14,2,9,6,7,3,7,1714,1843,,1055,620,1506,.412,167,531,.315,307,471,.652,240,889,325,151,87,388,472
271,San Francisco,26,16,10,.615,7.48,3.44,5,6,10,5,5,5,1978,1826,,1050,697,1562,.446,237,700,.339,347,477,.727,274,933,307,179,84,328,464
272,San Jose State,24,7,17,.292,-6.90,4.71,3,9,6,7,1,9,1679,1921,,960,568,1431,.397,190,638,.298,353,496,.712,237,856,326,139,87,336,433
273,Santa Clara,25,18,7,.720,2.84,-0.51,5,5,15,2,3,5,1935,1766,,1005,690,1470,.469,199,548,.363,356,483,.737,200,878,402,174,91,349,513
274,Seattle,24,12,12,.500,-4.16,-3.89,5,4,7,4,3,7,1790,1728,,980,601,1494,.402,169,552,.306,419,546,.767,257,867,265,140,81,260,481
275,Seton Hall,23,18,5,.783,17.67,8.80,10,1,9,2,7,2,1708,1504,,920,598,1342,.446,175,531,.330,337,484,.696,235,869,328,171,151,313,431
276,Siena,21,11,10,.524,-2.17,-4.60,7,5,10,0,1,10,1540,1489,,855,542,1206,.449,141,401,.352,315,452,.697,239,773,269,123,59,286,369
277,South Alabama,25,14,11,.560,-0.75,-0.61,7,7,7,5,5,5,1793,1710,,1005,628,1347,.466,134,412,.325,403,549,.734,213,823,277,188,89,301,409
278,South Carolina State,22,10,12,.455,-15.06,-7.51,5,5,7,2,3,10,1564,1676,,890,541,1228,.441,120,378,.317,362,475,.762,220,772,253,95,38,320,387
279,South Carolina Upstate,26,11,15,.423,-12.39,-5.26,6,7,8,4,3,11,1803,1915,,1040,640,1493,.429,170,534,.318,353,510,.692,252,863,306,158,63,329,488
280,South Carolina,23,14,9,.609,9.24,4.59,6,4,9,4,5,3,1644,1537,,920,601,1371,.438,137,435,.315,305,494,.617,266,856,327,178,102,311,525
281,South Dakota State,26,18,8,.692,2.94,-3.82,9,2,13,0,5,8,2006,1803,,1050,740,1514,.489,192,543,.354,334,476,.702,256,1006,366,133,85,347,429
282,South Dakota,26,18,8,.692,-1.19,-3.93,8,3,11,1,5,6,2080,1905,,1040,724,1466,.494,196,489,.401,436,565,.772,166,847,365,122,71,275,433
283,South Florida,23,11,12,.478,5.06,3.85,4,6,8,4,2,4,1446,1418,,925,502,1222,.411,149,474,.314,293,463,.633,260,779,231,184,51,342,408
284,Southeast Missouri State,25,5,20,.200,-14.32,-3.53,1,11,4,6,0,13,1637,1869,,1005,581,1385,.419,147,453,.325,328,490,.669,223,821,268,135,53,343,468
285,Southeastern Louisiana,24,6,18,.250,-16.43,-4.96,3,10,4,6,2,11,1632,1854,,975,599,1460,.410,153,519,.295,281,429,.655,259,787,297,191,43,397,509
286,Southern California,24,17,7,.708,10.36,5.99,6,5,9,2,5,4,1734,1629,,975,610,1384,.441,154,438,.352,360,530,.679,266,930,350,156,130,360,405
287,SIU Edwardsville,25,6,19,.240,-15.05,-5.44,3,9,4,7,2,12,1666,1830,,1000,623,1453,.429,137,442,.310,283,417,.679,231,840,340,142,76,351,501
288,Southern Illinois,25,15,10,.600,0.94,-0.56,9,3,11,1,3,7,1589,1525,,1005,551,1273,.433,179,523,.342,308,422,.730,169,766,301,160,46,307,365
289,Southern Methodist,22,16,6,.727,8.81,1.45,6,4,12,1,4,5,1669,1507,,900,590,1286,.459,189,543,.348,300,393,.763,266,848,369,130,71,289,339
290,Southern Mississippi,25,7,18,.280,-5.75,4.11,3,9,6,5,1,10,1676,1836,,1005,644,1450,.444,131,421,.311,257,344,.747,241,869,358,152,63,355,413
291,Southern Utah,23,14,9,.609,2.79,-2.02,7,5,8,4,5,5,1705,1474,,935,623,1354,.460,145,434,.334,314,440,.714,223,877,292,175,104,328,439
292,Southern,24,9,15,.375,-13.11,-6.57,6,5,6,1,2,14,1630,1691,,965,603,1393,.433,137,420,.326,287,426,.674,262,814,313,146,60,333,512
293,St. Bonaventure,25,17,8,.680,4.28,0.57,9,3,7,3,7,5,1724,1610,,1005,634,1454,.436,173,500,.346,283,384,.737,277,921,341,146,89,294,432
294,St. Francis (NY),24,11,13,.458,-11.30,-7.00,5,7,9,2,2,11,1680,1715,,960,619,1464,.423,158,519,.304,282,391,.721,249,861,297,152,103,306,451
295,St. John's (NY),24,13,11,.542,9.77,5.48,2,9,10,5,1,5,1799,1696,,960,654,1592,.411,153,503,.304,338,476,.710,308,951,352,240,102,287,465
296,Stanford,23,16,7,.696,13.80,4.10,5,5,12,2,2,4,1622,1399,,930,592,1256,.471,171,447,.383,267,388,.688,173,793,304,164,94,339,374
297,Stephen F. Austin,24,21,3,.875,3.40,-5.79,12,1,12,1,9,2,1931,1622,,965,686,1395,.492,142,382,.372,417,601,.694,311,876,362,253,72,427,508
298,Stetson,25,13,12,.520,-10.48,-5.40,7,3,5,5,7,6,1583,1630,,1005,565,1285,.440,145,434,.334,308,475,.648,245,868,243,154,63,344,386
299,Stony Brook,25,16,9,.640,-0.27,-3.56,7,3,8,2,6,7,1793,1667,,1010,611,1470,.416,217,628,.346,354,493,.718,288,990,290,173,122,372,427
300,Syracuse,24,14,10,.583,12.11,6.49,7,6,10,6,4,2,1775,1640,,965,605,1387,.436,207,605,.342,358,484,.740,251,860,349,181,104,276,388
301,Temple,23,12,11,.522,7.29,5.16,4,7,7,4,3,5,1592,1543,,925,563,1370,.411,161,486,.331,305,448,.681,230,869,326,189,64,304,413
302,Tennessee-Martin,23,7,16,.304,-13.01,-1.96,3,9,4,5,2,9,1757,1911,,920,621,1377,.451,178,524,.340,337,450,.749,253,756,272,121,68,294,362
303,Tennessee State,25,15,10,.600,-5.24,-4.94,7,5,9,2,4,8,1857,1815,,1005,674,1415,.476,184,518,.355,320,487,.657,273,955,347,131,112,421,528
304,Tennessee Tech,25,6,19,.240,-15.09,-3.75,3,9,3,8,3,9,1621,1830,,1010,607,1472,.412,201,610,.330,206,305,.675,265,879,339,161,80,401,383
305,Tennessee,24,14,10,.583,12.19,7.19,6,5,9,5,3,4,1611,1491,,960,557,1301,.428,147,480,.306,350,465,.753,241,852,355,146,141,317,426
306,Texas A&M-Corpus Christi,24,10,14,.417,-10.52,-5.84,6,7,7,4,3,10,1540,1605,,960,535,1249,.428,179,495,.362,289,414,.698,225,827,291,137,74,406,441
307,Texas A&M,22,11,11,.500,2.07,4.57,5,5,8,4,3,3,1333,1388,,885,446,1163,.383,121,471,.257,320,472,.678,250,784,229,141,73,315,343
308,Texas-Arlington,25,10,15,.400,2.55,2.59,6,8,5,5,5,9,1750,1700,,1000,620,1490,.416,197,634,.311,313,409,.765,251,914,368,140,70,285,438
309,Texas Christian,24,13,11,.542,8.71,8.40,4,7,11,4,1,6,1577,1549,,970,576,1371,.420,200,596,.336,225,361,.623,282,852,352,175,117,346,394
310,Texas-El Paso,25,13,12,.520,-1.19,0.04,4,8,11,2,1,9,1676,1646,,1005,580,1353,.429,153,535,.286,363,477,.761,195,852,308,148,77,351,438
311,Texas-Rio Grande Valley,23,9,14,.391,-7.29,-3.44,5,5,7,3,2,9,1649,1606,,930,590,1366,.432,143,419,.341,326,466,.700,251,752,333,192,90,291,464
312,Texas-San Antonio,25,11,14,.440,-2.95,0.32,5,7,8,3,3,7,1974,1946,,1015,697,1608,.433,248,690,.359,332,441,.753,267,964,327,149,71,326,512
313,Texas Southern,23,10,13,.435,-9.58,-2.03,7,3,6,1,4,12,1612,1740,,930,564,1391,.405,115,414,.278,369,534,.691,272,877,267,139,64,371,448
314,Texas State,25,15,10,.600,4.33,-0.80,8,6,10,3,5,7,1814,1586,,1000,637,1404,.454,138,401,.344,402,526,.764,237,835,340,164,68,279,459
315,Texas Tech,24,16,8,.667,17.76,7.01,7,4,12,2,2,4,1765,1507,,975,610,1343,.454,173,486,.356,372,496,.750,220,827,377,188,99,326,415
316,Texas,24,14,10,.583,10.07,8.73,4,7,9,5,3,4,1551,1519,,960,588,1372,.429,194,587,.330,181,274,.661,231,789,303,128,110,324,433
317,Toledo,25,12,13,.480,1.43,-1.40,4,8,7,5,5,8,1884,1757,,1005,634,1442,.440,232,623,.372,384,525,.731,264,955,368,144,84,311,406
318,Towson,25,14,11,.560,-0.34,-1.42,8,5,7,4,5,4,1776,1681,,1010,617,1425,.433,167,485,.344,375,488,.768,269,913,277,149,76,301,468
319,Troy,25,9,16,.360,-7.90,-1.46,5,9,6,6,3,10,1737,1807,,1010,619,1531,.404,214,658,.325,285,421,.677,298,929,363,138,72,359,462
320,Tulane,23,10,13,.435,-0.25,1.58,2,9,6,4,2,5,1570,1612,,925,540,1303,.414,188,539,.349,302,431,.701,188,700,265,190,53,269,338
321,Tulsa,23,15,8,.652,7.66,2.49,7,3,11,2,4,5,1610,1491,,940,571,1270,.450,131,412,.318,337,473,.712,211,814,303,177,57,306,359
322,UCLA,24,13,11,.542,7.53,7.05,6,5,9,4,3,4,1665,1628,,965,585,1340,.437,138,433,.319,357,503,.710,290,889,311,164,79,321,462
323,Utah State,27,20,7,.741,13.53,4.53,9,5,13,1,3,5,2070,1732,,1095,715,1576,.454,193,599,.322,447,577,.775,294,1086,445,168,87,327,436
324,Utah Valley,24,9,15,.375,-8.29,-4.10,3,6,4,6,5,9,1670,1695,,970,594,1381,.430,159,533,.298,323,458,.705,215,870,314,140,134,347,428
325,Utah,23,14,9,.609,9.47,6.51,5,6,10,1,1,6,1665,1597,,930,574,1281,.448,165,501,.329,352,475,.741,222,848,327,126,66,308,355
326,Valparaiso,25,12,13,.480,0.37,1.20,5,7,8,2,3,8,1811,1804,,1010,657,1520,.432,200,622,.322,297,418,.711,255,854,375,208,84,330,446
327,Vanderbilt,24,9,15,.375,2.90,4.94,1,10,9,8,0,6,1735,1784,,970,581,1350,.430,202,612,.330,371,544,.682,218,788,285,169,88,307,454
328,Vermont,25,19,6,.760,5.84,-3.83,9,1,8,2,10,3,1763,1482,,1000,627,1423,.441,198,608,.326,311,429,.725,249,926,340,149,83,299,420
329,Villanova,23,17,6,.739,15.71,9.14,7,4,10,2,4,3,1692,1541,,925,594,1355,.438,217,614,.353,287,369,.778,214,821,336,137,67,245,350
330,Virginia Commonwealth,23,17,6,.739,12.69,3.30,7,3,13,1,4,3,1675,1459,,920,587,1340,.438,179,503,.356,322,449,.717,229,787,314,220,106,291,416
331,VMI,25,7,18,.280,-7.39,-3.12,2,10,5,7,1,10,1809,1743,,1020,646,1502,.430,267,748,.357,250,354,.706,261,887,409,175,59,314,429
332,Virginia Tech,24,14,10,.583,9.04,3.88,5,8,10,4,3,4,1681,1557,,975,603,1398,.431,235,659,.357,240,347,.692,192,835,361,142,66,236,342
333,Virginia,23,16,7,.696,11.42,6.55,8,5,11,3,3,4,1299,1187,,935,476,1174,.405,127,444,.286,220,314,.701,201,805,259,127,102,283,311
334,Wagner,22,5,17,.227,-13.97,-4.02,2,9,3,7,2,10,1515,1694,,890,532,1298,.410,160,498,.321,291,404,.720,245,767,290,124,52,313,482
335,Wake Forest,24,11,13,.458,7.35,7.56,4,10,7,4,1,8,1727,1732,,970,575,1364,.422,156,464,.336,421,560,.752,258,923,302,122,66,348,454
336,Washington State,24,14,10,.583,5.64,2.85,5,6,11,3,1,5,1691,1624,,965,598,1477,.405,184,577,.319,311,429,.725,257,867,286,162,60,280,407
337,Washington,24,12,12,.500,12.14,7.14,2,9,9,5,1,5,1692,1572,,970,586,1311,.447,166,495,.335,354,503,.704,208,843,303,173,151,361,409
338,Weber State,24,10,14,.417,-7.43,0.23,6,7,7,4,3,6,1695,1689,,970,623,1357,.459,171,505,.339,278,398,.698,171,759,275,134,92,286,341
339,West Virginia,23,18,5,.783,20.32,9.19,6,4,12,0,3,5,1674,1418,,920,591,1369,.432,125,412,.303,367,571,.643,349,953,291,184,84,337,440
340,Western Carolina,23,15,8,.652,-0.32,-1.51,7,5,8,3,7,5,1814,1704,,930,627,1341,.468,231,618,.374,329,472,.697,231,880,329,120,40,335,399
341,Western Illinois,21,5,16,.238,-13.29,-2.87,2,9,4,8,1,8,1560,1680,,845,576,1342,.429,176,478,.368,232,294,.789,169,710,224,112,49,229,366
342,Western Kentucky,24,16,8,.667,4.37,0.76,9,3,11,1,3,5,1825,1699,,970,626,1356,.462,164,493,.333,409,520,.787,199,807,271,154,102,299,322
343,Western Michigan,24,11,13,.458,-5.48,-0.35,4,7,8,3,3,8,1699,1743,,975,577,1344,.429,169,514,.329,376,527,.713,202,833,264,120,52,297,436
344,Wichita State,23,17,6,.739,12.91,5.08,5,5,13,2,3,3,1664,1484,,930,571,1417,.403,170,538,.316,352,510,.690,290,895,318,171,80,290,433
345,William & Mary,26,16,10,.615,-3.02,-2.82,8,5,8,2,8,7,1842,1787,,1040,671,1459,.460,196,572,.343,304,406,.749,225,945,353,114,97,341,404
346,Winthrop,26,18,8,.692,2.67,-4.96,12,1,10,3,8,5,2091,1820,,1055,746,1627,.459,242,704,.344,357,563,.634,348,1059,419,178,62,363,522
347,Wisconsin,24,14,10,.583,14.62,10.53,7,6,11,1,3,6,1578,1480,,965,559,1331,.420,195,586,.333,265,350,.757,203,815,287,116,91,247,372
348,Wofford,25,16,9,.640,0.40,-2.73,8,4,10,2,6,7,1835,1694,,1010,657,1415,.464,243,680,.357,278,388,.716,195,771,336,150,66,290,421
349,Wright State,26,21,5,.808,3.04,-6.50,11,2,12,2,7,2,2128,1843,,1050,763,1661,.459,205,553,.371,397,590,.673,327,1056,375,168,95,315,417
350,Wyoming,25,6,19,.240,-5.26,3.91,1,12,4,11,2,6,1505,1711,,1015,522,1278,.408,175,585,.299,286,400,.715,124,735,263,125,51,328,460
351,Xavier,24,16,8,.667,12.49,8.03,5,6,11,3,3,4,1712,1605,,985,627,1453,.432,156,509,.306,302,462,.654,292,959,348,142,90,327,420
352,Yale,22,17,5,.773,8.22,-1.28,5,1,8,1,7,4,1693,1396,,910,594,1254,.474,201,530,.379,304,434,.700,186,858,370,135,78,287,326
353,Youngstown State,25,14,11,.560,-6.09,-4.79,7,5,11,3,3,8,1825,1781,,1015,662,1569,.422,174,579,.301,327,485,.674,347,998,317,150,66,298,432
