,,Overall,Overall,Overall,Overall,Overall,Overall,,Conf.,Conf.,,Home,Home,,Away,Away,,Points,Points,,Totals,Totals,Totals,Totals,Totals,Totals,Totals,Totals,Totals,Totals,Totals,Totals,Totals,Totals,Totals,Totals,Totals
Rk,School,G,W,L,W-L%,SRS,SOS,,W,L,,W,L,,W,L,,Tm.,Opp.,,MP,FG,FGA,FG%,3P,3PA,3P%,FT,FTA,FT%,ORB,TRB,AST,STL,BLK,TOV,PF
1,Abilene Christian,21,18,3,.857,6.51,-7.61,,10,1,,11,0,,4,3,,1608,1241,,840,577,1268,.455,156,475,.328,298,455,.655,242,752,371,212,69,285,412
2,Air Force,20,4,16,.200,-12.27,0.13,,2,14,,2,7,,1,8,,1196,1444,,800,423,927,.456,152,431,.353,198,283,.700,83,468,248,134,43,289,328
3,Akron,18,14,4,.778,4.56,-2.37,,12,3,,9,0,,5,3,,1428,1259,,725,497,1077,.461,182,519,.351,252,332,.759,191,691,255,93,56,221,318
4,Alabama A&M,9,6,3,.667,-15.98,-16.54,,4,3,,5,0,,1,3,,622,617,,370,222,542,.410,52,185,.281,126,195,.646,109,370,117,55,35,131,169
5,Alabama-Birmingham,22,17,5,.773,6.30,-5.27,,10,4,,14,2,,3,3,,1582,1314,,880,592,1306,.453,113,380,.297,285,412,.692,223,793,248,179,88,231,338
6,Alabama State,12,4,8,.333,-23.67,-19.26,,4,8,,3,4,,1,4,,766,819,,480,256,677,.378,71,228,.311,183,282,.649,151,459,120,73,35,188,231
7,Alabama,23,18,5,.783,20.47,10.08,,13,1,,11,1,,5,2,,1860,1621,,920,637,1458,.437,250,694,.360,336,466,.721,269,926,331,196,97,326,425
8,Albany (NY),14,6,8,.429,-3.41,-3.91,,6,6,,4,5,,2,3,,957,950,,560,343,789,.435,89,271,.328,182,253,.719,100,422,160,84,24,172,246
9,Alcorn State,13,4,9,.308,-20.76,-9.07,,4,4,,2,3,,2,6,,846,998,,520,292,744,.392,74,256,.289,188,262,.718,144,410,108,105,19,188,274
10,American,6,2,4,.333,-1.43,3.73,,2,4,,1,2,,1,2,,417,448,,260,152,340,.447,52,135,.385,61,89,.685,49,198,73,49,32,102,124
11,Appalachian State,21,12,9,.571,-5.85,-5.50,,6,6,,9,4,,3,5,,1487,1311,,845,506,1203,.421,159,507,.314,316,417,.758,230,764,254,164,76,250,286
12,Arizona State,18,7,11,.389,5.80,8.42,,4,8,,4,6,,2,4,,1347,1394,,725,469,1079,.435,134,399,.336,275,376,.731,136,558,227,125,62,195,365
13,Arizona,23,15,8,.652,13.20,5.72,,9,8,,10,4,,5,4,,1748,1576,,930,594,1324,.449,154,406,.379,406,561,.724,274,887,358,135,91,278,412
14,Little Rock,22,10,12,.455,-5.64,-4.78,,6,9,,6,3,,2,7,,1532,1522,,890,546,1171,.466,132,411,.321,308,436,.706,212,737,311,144,68,335,352
15,Arkansas-Pine Bluff,20,3,17,.150,-22.88,-5.53,,2,9,,2,3,,1,14,,1226,1573,,805,404,1091,.370,99,329,.301,319,431,.740,199,652,188,125,84,317,366
16,Arkansas State,19,10,9,.526,-7.56,-5.68,,7,5,,9,2,,1,7,,1432,1344,,765,501,1089,.460,128,321,.399,302,416,.726,204,695,279,130,58,250,301
17,Arkansas,22,17,5,.773,17.08,4.76,,9,4,,13,1,,4,4,,1814,1543,,885,653,1450,.450,175,517,.338,333,445,.748,277,888,326,182,110,283,374
18,Army,17,10,7,.588,4.55,5.24,,6,6,,3,3,,5,3,,1239,1189,,685,458,1006,.455,140,418,.335,183,293,.625,145,601,247,113,29,225,271
19,Auburn,23,11,12,.478,10.19,8.58,,5,9,,6,4,,3,7,,1814,1777,,930,623,1407,.443,212,637,.333,356,499,.713,293,903,353,147,144,373,420
20,Austin Peay,24,14,10,.583,-4.98,-7.48,,10,8,,8,5,,4,4,,1797,1664,,970,651,1428,.456,177,509,.348,318,423,.752,303,831,319,161,48,353,422
21,Ball State,18,7,11,.389,-2.60,0.52,,5,8,,4,4,,3,7,,1273,1329,,725,452,1052,.430,141,427,.330,228,313,.728,169,650,234,104,47,262,342
22,Baylor,17,17,0,1.000,27.05,2.88,,9,0,,8,0,,6,0,,1479,1068,,680,546,1077,.507,182,415,.439,205,291,.704,215,637,309,165,69,210,286
23,Bellarmine,18,13,5,.722,-0.62,-6.62,,10,2,,6,3,,7,2,,1338,1140,,720,506,991,.511,118,316,.373,208,276,.754,153,569,287,127,36,200,277
24,Belmont,25,24,1,.960,6.51,-8.86,,18,0,,11,1,,10,0,,2069,1688,,1000,759,1496,.507,224,638,.351,327,441,.741,198,882,461,194,72,293,346
25,Binghamton,17,4,13,.235,-10.95,-4.66,,4,10,,1,9,,3,4,,1118,1225,,695,407,972,.419,150,437,.343,154,230,.670,175,605,189,86,53,240,290
26,Boise State,22,18,4,.818,10.92,-0.75,,14,3,,11,0,,6,4,,1711,1429,,880,604,1298,.465,168,479,.351,335,454,.738,208,794,306,151,60,244,368
27,Boston College,16,3,13,.188,4.02,10.21,,1,9,,2,5,,0,5,,1142,1241,,645,403,959,.420,149,455,.327,187,264,.708,139,531,188,116,69,216,264
28,Boston University,13,5,8,.385,-0.75,5.72,,5,8,,1,5,,4,3,,906,990,,520,325,756,.430,87,297,.293,169,224,.754,145,466,129,67,33,171,224
29,Bowling Green State,21,12,9,.571,1.60,-0.55,,8,7,,4,6,,8,3,,1652,1588,,845,588,1385,.425,172,527,.326,304,407,.747,253,788,269,151,43,217,355
30,Bradley,25,11,14,.440,0.72,1.11,,5,11,,7,5,,2,9,,1747,1650,,1010,656,1461,.449,171,534,.320,264,365,.723,257,934,347,134,90,317,410
31,Brigham Young,22,17,5,.773,14.47,4.81,,8,3,,9,2,,7,2,,1743,1491,,890,641,1324,.484,195,529,.369,266,365,.729,214,867,369,107,60,295,391
32,Brown,0,0,0,,,,,0,0,,0,0,,0,0,,,,,,,,,,,,,,,,,,,,,
33,Bryant,17,12,5,.706,1.10,-5.15,,8,4,,7,0,,5,5,,1458,1303,,680,499,1063,.469,168,428,.393,292,386,.756,180,687,283,129,59,269,279
34,Bucknell,8,4,4,.500,-1.41,-3.04,,4,4,,2,2,,2,2,,593,580,,320,203,454,.447,60,179,.335,127,161,.789,50,279,102,50,31,105,140
35,Buffalo,16,9,7,.563,7.11,-0.69,,7,5,,5,3,,3,3,,1303,1169,,645,489,1074,.455,118,357,.331,207,314,.659,236,698,255,134,59,218,309
36,Butler,20,7,13,.350,4.53,9.53,,6,11,,6,4,,1,8,,1255,1355,,810,452,1117,.405,144,440,.327,207,328,.631,185,645,249,111,41,230,344
37,Cal Poly,18,3,15,.167,-17.47,-3.64,,1,11,,3,6,,0,9,,1101,1282,,720,391,1010,.387,115,384,.299,204,291,.701,145,589,219,113,55,237,329
38,Cal State Bakersfield,23,14,9,.609,-1.50,-3.07,,10,6,,8,1,,6,8,,1584,1459,,925,591,1355,.436,124,355,.349,278,393,.707,316,866,309,148,67,299,447
39,Cal State Fullerton,13,6,7,.462,-5.71,-2.96,,5,7,,5,4,,1,3,,987,996,,525,342,762,.449,102,268,.381,201,273,.736,103,415,176,90,29,168,227
40,Cal State Northridge,17,8,9,.471,-9.71,-4.02,,4,6,,4,5,,3,3,,1242,1315,,685,435,1026,.424,139,398,.349,233,317,.735,159,575,226,114,37,204,316
41,California Baptist,19,11,8,.579,-6.71,-7.40,,5,5,,9,3,,2,5,,1518,1370,,765,527,1114,.473,184,462,.398,280,386,.725,192,715,337,88,45,252,378
42,UC-Davis,12,6,6,.500,-8.41,-6.05,,4,4,,3,2,,2,3,,903,896,,490,307,697,.440,76,225,.338,213,277,.769,109,390,139,91,29,175,239
43,UC-Irvine,20,12,8,.600,2.17,-0.39,,9,4,,8,1,,4,6,,1452,1276,,805,542,1206,.449,102,300,.340,266,351,.758,243,801,243,149,73,270,345
44,UC-Riverside,16,10,6,.625,3.64,-4.73,,7,4,,4,3,,5,3,,1147,1013,,650,430,933,.461,158,401,.394,129,193,.668,139,602,236,82,38,204,289
45,UC-San Diego,13,5,8,.385,-7.70,0.90,,2,8,,5,3,,0,5,,921,908,,525,335,733,.457,141,383,.368,110,163,.675,72,383,216,82,30,181,175
46,UC-Santa Barbara,19,16,3,.842,7.86,-3.32,,12,2,,9,0,,7,3,,1479,1181,,770,538,1089,.494,138,372,.371,265,357,.742,175,675,331,140,61,209,316
47,University of California,25,8,17,.320,0.87,6.62,,3,15,,6,6,,1,11,,1643,1756,,1000,572,1338,.428,179,544,.329,320,468,.684,206,800,302,116,55,321,446
48,Campbell,23,14,9,.609,-8.04,-7.85,,10,6,,7,3,,5,6,,1655,1595,,935,600,1208,.497,169,455,.371,286,424,.675,135,653,329,145,48,279,405
49,Canisius,10,6,4,.600,-6.98,-6.78,,6,4,,3,1,,3,3,,697,699,,400,237,600,.395,74,247,.300,149,208,.716,105,359,132,54,34,124,179
50,Central Arkansas,19,3,16,.158,-15.41,-0.52,,2,9,,2,4,,1,12,,1330,1534,,760,474,1077,.440,128,357,.359,254,352,.722,176,698,244,91,47,350,348
51,Central Connecticut State,19,4,15,.211,-13.17,-4.12,,4,12,,2,5,,2,9,,1293,1465,,760,474,1113,.426,135,418,.323,210,304,.691,158,599,239,133,49,272,337
52,Central Florida,19,8,11,.421,6.25,9.46,,6,10,,5,3,,3,8,,1275,1336,,765,446,1040,.429,151,411,.367,232,319,.727,185,631,228,125,58,284,332
53,Central Michigan,18,6,12,.333,-9.91,-3.24,,2,9,,4,5,,2,7,,1393,1399,,720,501,1116,.449,114,343,.332,277,423,.655,206,672,194,156,48,250,311
54,Charleston Southern,20,2,18,.100,-16.49,-5.39,,1,15,,1,9,,1,8,,1297,1473,,800,456,1116,.409,153,476,.321,232,326,.712,199,730,211,126,79,332,359
55,Charlotte,20,9,11,.450,-3.97,-3.29,,5,7,,6,7,,3,4,,1283,1299,,825,442,991,.446,117,355,.330,282,378,.746,133,611,239,112,61,277,301
56,Chattanooga,24,18,6,.750,-0.43,-2.57,,9,6,,9,3,,9,3,,1758,1657,,965,621,1404,.442,200,553,.362,316,400,.790,196,814,296,160,44,261,345
57,Chicago State,9,0,9,.000,-30.77,2.46,,0,0,,0,0,,0,7,,499,798,,360,180,497,.362,51,203,.251,88,126,.698,54,234,89,49,13,140,178
58,Cincinnati,15,7,8,.467,3.72,7.39,,5,5,,4,3,,3,5,,1016,1071,,600,366,867,.422,92,325,.283,192,293,.655,156,541,220,93,51,221,293
59,Citadel,21,12,9,.571,-4.94,-1.52,,5,9,,11,3,,1,6,,1732,1633,,840,606,1322,.458,231,622,.371,289,417,.693,205,807,350,111,103,261,352
60,Clemson,18,13,5,.722,13.72,11.22,,7,5,,9,1,,1,4,,1181,1136,,725,423,1005,.421,140,433,.323,195,257,.759,165,599,228,116,51,237,295
61,Cleveland State,23,16,7,.696,-4.04,-4.12,,16,4,,8,2,,8,5,,1599,1597,,930,581,1304,.446,149,470,.317,288,434,.664,242,785,304,168,49,302,453
62,Coastal Carolina,19,13,6,.684,-2.39,-7.59,,7,5,,12,1,,1,5,,1538,1273,,760,545,1165,.468,172,458,.376,276,385,.717,266,819,304,164,76,287,309
63,Colgate,12,11,1,.917,18.59,0.67,,11,1,,5,1,,6,0,,1028,813,,485,376,755,.498,106,276,.384,170,226,.752,109,475,210,87,41,126,192
64,College of Charleston,18,9,9,.500,-4.65,-3.03,,6,4,,8,6,,1,3,,1266,1249,,740,452,1004,.450,148,398,.372,214,304,.704,147,594,190,98,52,195,314
65,Colorado State,18,14,4,.778,8.97,0.39,,11,3,,7,1,,6,3,,1354,1196,,720,468,973,.481,164,429,.382,254,327,.777,116,620,267,106,43,256,303
66,Colorado,24,17,7,.708,16.23,5.86,,11,6,,8,1,,6,6,,1765,1516,,960,625,1369,.457,180,498,.361,335,405,.827,230,842,328,129,69,273,396
67,Columbia,0,0,0,,,,,0,0,,0,0,,0,0,,,,,,,,,,,,,,,,,,,,,
68,Connecticut,16,10,6,.625,13.83,8.52,,7,6,,5,3,,4,3,,1129,1044,,645,405,943,.429,113,326,.347,206,290,.710,207,597,203,102,89,195,306
69,Coppin State,19,7,12,.368,-11.30,-3.36,,6,4,,5,3,,2,9,,1366,1517,,760,447,1110,.403,171,558,.306,301,482,.624,140,671,239,165,59,298,340
70,Cornell,0,0,0,,,,,0,0,,0,0,,0,0,,,,,,,,,,,,,,,,,,,,,
71,Creighton,21,16,5,.762,17.74,7.74,,12,4,,9,3,,7,2,,1662,1452,,850,612,1257,.487,203,552,.368,235,352,.668,170,752,336,152,78,238,328
72,Dartmouth,0,0,0,,,,,0,0,,0,0,,0,0,,,,,,,,,,,,,,,,,,,,,
73,Davidson,17,11,6,.647,9.14,2.45,,6,3,,6,3,,4,1,,1249,1092,,685,451,944,.478,168,460,.365,179,261,.686,154,609,257,81,46,182,252
74,Dayton,19,12,7,.632,7.99,4.78,,8,6,,8,3,,3,4,,1323,1262,,785,464,973,.477,147,409,.359,248,342,.725,122,628,266,85,40,271,288
75,Delaware State,14,2,12,.143,-22.64,-4.31,,0,7,,2,3,,0,9,,999,1201,,565,348,869,.400,121,365,.332,182,261,.697,148,488,169,87,56,226,299
76,Delaware,14,7,7,.500,-3.87,-4.33,,5,4,,6,3,,1,4,,938,929,,560,326,733,.445,98,297,.330,188,266,.707,121,491,176,66,52,207,238
77,Denver,19,2,17,.105,-17.28,-5.94,,1,11,,2,8,,0,9,,1314,1502,,770,464,1044,.444,124,359,.345,262,358,.732,134,567,226,104,47,286,386
78,DePaul,14,4,10,.286,4.39,8.17,,2,10,,2,6,,2,4,,936,989,,570,362,853,.424,76,237,.321,136,205,.663,176,539,169,100,60,230,267
79,Detroit Mercy,20,11,9,.550,-1.97,-4.32,,10,6,,6,5,,5,4,,1531,1484,,805,543,1187,.457,199,520,.383,246,307,.801,184,663,287,140,48,230,288
80,Dixie State,19,8,11,.421,-15.44,-4.91,,4,8,,5,5,,3,6,,1339,1459,,760,473,1128,.419,115,384,.299,278,395,.704,185,681,296,129,35,284,396
81,Drake,24,22,2,.917,10.97,-2.49,,13,2,,13,1,,8,1,,1894,1530,,970,741,1485,.499,172,463,.371,240,340,.706,258,887,347,185,71,259,395
82,Drexel,15,8,7,.533,-0.40,-4.60,,3,5,,3,2,,3,5,,1057,994,,600,389,827,.470,97,292,.332,182,238,.765,131,504,234,80,36,193,240
83,Duke,18,10,8,.556,13.93,9.54,,8,6,,7,4,,3,4,,1360,1281,,720,516,1098,.470,151,421,.359,177,253,.700,200,633,269,144,82,229,306
84,Duquesne,14,7,7,.500,3.83,2.61,,6,6,,4,2,,2,4,,928,911,,560,336,802,.419,92,317,.290,164,251,.653,155,516,191,87,56,177,240
85,East Carolina,16,8,8,.500,2.69,4.29,,2,8,,7,4,,1,4,,1078,1073,,645,386,923,.418,94,302,.311,212,296,.716,162,554,255,97,50,210,279
86,East Tennessee State,22,12,10,.545,2.91,0.71,,8,6,,8,3,,3,5,,1534,1439,,880,549,1249,.440,177,503,.352,259,373,.694,223,784,263,168,50,297,387
87,Eastern Illinois,25,9,16,.360,-11.13,-5.61,,6,12,,5,5,,4,11,,1718,1856,,1015,647,1503,.430,177,532,.333,247,375,.659,256,874,325,180,82,350,392
88,Eastern Kentucky,24,18,6,.750,-2.97,-7.92,,12,5,,8,2,,8,4,,1981,1787,,980,728,1635,.445,235,667,.352,290,412,.704,270,868,387,254,86,316,456
89,Eastern Michigan,13,4,9,.308,-13.77,2.53,,1,8,,4,3,,0,6,,911,974,,520,320,788,.406,87,310,.281,184,242,.760,130,443,139,123,31,169,206
90,Eastern Washington,18,12,6,.667,2.45,-4.72,,11,2,,6,1,,6,5,,1448,1302,,720,511,1088,.470,161,438,.368,265,334,.793,140,645,276,84,53,207,313
91,Elon,13,5,8,.385,-9.28,-3.36,,2,7,,3,2,,2,6,,823,864,,520,285,710,.401,98,311,.315,155,213,.728,105,437,138,65,31,165,257
92,Evansville,21,8,13,.381,-4.94,-0.17,,6,9,,7,3,,1,9,,1360,1460,,855,476,1089,.437,205,552,.371,203,279,.728,127,572,249,99,50,239,317
93,Fairfield,21,6,15,.286,-12.71,-5.29,,6,10,,4,8,,2,7,,1283,1439,,845,455,1147,.397,122,402,.303,251,369,.680,210,738,215,96,47,274,374
94,Fairleigh Dickinson,22,8,14,.364,-8.20,-3.83,,7,9,,4,6,,4,8,,1655,1751,,890,594,1320,.450,181,473,.383,286,411,.696,224,746,268,168,83,315,406
95,Florida A&M,14,5,9,.357,-8.92,-4.28,,4,3,,4,1,,1,8,,908,973,,560,348,796,.437,70,226,.310,142,224,.634,139,481,180,96,40,229,239
96,Florida Atlantic,17,8,9,.471,-4.89,-4.89,,3,5,,5,1,,2,7,,1366,1162,,685,504,1080,.467,166,443,.375,192,290,.662,231,695,253,123,51,223,301
97,Florida Gulf Coast,15,9,6,.600,-7.26,-5.72,,4,4,,7,4,,2,2,,1076,1006,,600,400,934,.428,123,424,.290,153,229,.668,179,588,203,119,65,220,232
98,Florida International,24,9,15,.375,-10.33,-3.83,,2,13,,7,8,,2,7,,1797,1823,,975,644,1477,.436,254,752,.338,255,382,.668,232,789,363,206,92,351,433
99,Florida State,16,13,3,.813,19.74,9.55,,9,2,,11,1,,2,2,,1268,1105,,650,444,941,.472,135,343,.394,245,331,.740,183,596,243,116,79,213,292
100,Florida,17,11,6,.647,15.65,10.17,,7,5,,6,2,,3,4,,1297,1204,,680,462,990,.467,119,335,.355,254,337,.754,177,614,209,128,108,245,332
101,Fordham,13,2,11,.154,-10.34,5.28,,2,11,,2,5,,0,6,,676,879,,520,237,665,.356,73,271,.269,129,191,.675,91,383,143,82,26,176,207
102,Fresno State,18,9,9,.500,-5.74,-0.92,,7,9,,7,4,,2,5,,1192,1216,,725,419,973,.431,110,364,.302,244,379,.644,209,657,182,125,51,267,320
103,Furman,22,15,7,.682,7.04,-1.49,,9,4,,10,1,,5,6,,1755,1495,,880,640,1320,.485,213,627,.340,262,359,.730,204,786,372,183,72,284,392
104,Gardner-Webb,24,10,14,.417,-2.91,-5.16,,9,10,,7,4,,3,10,,1711,1657,,960,603,1352,.446,220,599,.367,285,413,.690,216,826,323,139,119,283,456
105,George Mason,18,10,8,.556,2.55,2.08,,6,6,,5,3,,3,4,,1277,1268,,745,473,1101,.430,132,407,.324,199,317,.628,206,684,239,131,74,248,293
106,George Washington,13,4,9,.308,-1.56,-0.87,,3,3,,3,6,,1,3,,947,956,,525,334,726,.460,85,248,.343,194,273,.711,117,458,160,86,38,189,204
107,Georgetown,17,7,10,.412,8.84,10.08,,5,7,,6,5,,1,5,,1226,1247,,685,438,1022,.429,151,410,.368,199,266,.748,200,697,242,95,69,273,283
108,Georgia Southern,23,12,11,.522,-10.32,-5.85,,6,8,,8,3,,4,8,,1659,1559,,940,609,1360,.448,178,549,.324,263,405,.649,262,831,294,198,80,331,397
109,Georgia State,16,11,5,.688,-1.97,-3.76,,5,4,,8,1,,3,4,,1288,1153,,660,479,1009,.475,127,376,.338,203,308,.659,182,596,265,121,69,192,277
110,Georgia Tech,19,11,8,.579,13.16,8.43,,7,6,,9,3,,2,5,,1429,1339,,780,523,1115,.469,154,430,.358,229,309,.741,143,585,303,171,66,213,299
111,Georgia,22,13,9,.591,7.16,7.83,,6,9,,11,3,,2,6,,1704,1696,,885,625,1352,.462,133,422,.315,321,460,.698,274,821,325,189,54,370,418
112,Gonzaga,22,22,0,1.000,27.20,2.93,,13,0,,10,0,,7,0,,2054,1520,,880,765,1381,.554,157,438,.358,367,499,.735,220,845,411,190,70,268,371
113,Grambling,18,9,9,.500,-13.92,-10.56,,7,4,,4,4,,5,5,,1189,1237,,720,414,968,.428,87,272,.320,274,411,.667,150,611,249,141,59,282,317
114,Grand Canyon,17,13,4,.765,2.17,-7.12,,7,1,,9,2,,4,0,,1316,1045,,680,496,982,.505,112,342,.327,212,316,.671,174,677,289,83,49,218,290
115,Green Bay,24,8,16,.333,-8.53,-3.61,,8,12,,6,5,,2,11,,1706,1824,,980,625,1443,.433,166,497,.334,290,386,.751,223,779,342,132,86,260,390
116,Hampton,22,9,13,.409,-13.14,-8.46,,8,9,,4,7,,5,6,,1528,1631,,880,552,1292,.427,165,497,.332,259,361,.717,180,758,264,135,135,276,373
117,Hartford,19,11,8,.579,-4.81,-5.71,,8,6,,7,1,,4,6,,1220,1203,,760,440,1040,.423,143,449,.318,197,284,.694,159,634,206,139,38,245,303
118,Harvard,0,0,0,,,,,0,0,,0,0,,0,0,,,,,,,,,,,,,,,,,,,,,
119,Hawaii,16,8,8,.500,-2.75,-2.96,,6,8,,5,5,,3,3,,1155,1096,,655,412,929,.443,127,347,.366,204,288,.708,163,585,190,92,25,215,274
120,High Point,21,8,13,.381,-9.22,-7.65,,6,10,,4,5,,4,8,,1433,1466,,845,506,1188,.426,108,354,.305,313,454,.689,237,739,264,133,77,267,372
121,Hofstra,21,12,9,.571,-0.76,-1.43,,8,6,,7,3,,5,6,,1542,1528,,845,547,1232,.444,157,479,.328,291,399,.729,223,744,269,140,57,258,338
122,Holy Cross,15,4,11,.267,-1.77,4.76,,4,11,,2,7,,2,4,,1044,1142,,605,391,897,.436,101,294,.344,161,231,.697,147,498,181,105,59,200,284
123,Houston Baptist,17,4,13,.235,-13.53,-1.91,,3,6,,3,4,,1,9,,1226,1379,,685,437,996,.439,150,404,.371,202,274,.737,148,561,258,123,73,305,295
124,Houston,21,18,3,.857,20.69,4.14,,12,3,,12,0,,5,3,,1606,1209,,840,560,1297,.432,186,531,.350,300,412,.728,315,885,275,177,92,241,408
125,Howard,5,1,4,.200,-12.92,-1.17,,0,0,,1,1,,0,0,,363,424,,200,123,283,.435,38,123,.309,79,110,.718,41,177,74,26,25,72,89
126,Idaho State,19,12,7,.632,-11.52,-9.52,,7,3,,8,1,,4,4,,1328,1149,,770,457,982,.465,140,393,.356,274,384,.714,186,691,234,84,70,291,341
127,Idaho,19,0,19,.000,-21.66,-4.35,,0,16,,0,8,,0,11,,1144,1473,,770,419,986,.425,103,309,.333,203,289,.702,133,574,228,93,38,315,359
128,Illinois-Chicago,21,9,12,.429,-10.08,-5.98,,6,10,,7,4,,2,8,,1431,1517,,850,534,1248,.428,171,524,.326,192,293,.655,177,736,288,77,66,274,397
129,Illinois State,22,7,15,.318,-4.01,1.42,,4,12,,3,6,,3,9,,1596,1641,,885,602,1302,.462,178,489,.364,214,330,.648,185,778,307,126,78,291,357
130,Illinois,21,16,5,.762,24.77,11.58,,12,3,,10,2,,6,2,,1717,1440,,850,622,1230,.506,156,397,.393,317,458,.692,216,839,359,120,63,281,372
131,Incarnate Word,17,8,9,.471,-12.31,-7.74,,5,5,,5,5,,3,4,,1183,1186,,685,418,910,.459,135,343,.394,212,305,.695,129,539,220,92,32,241,312
132,Indiana State,21,13,8,.619,3.04,2.74,,10,6,,9,3,,4,5,,1444,1424,,840,500,1125,.444,132,379,.348,312,423,.738,176,671,236,138,62,269,332
133,Indiana,22,12,10,.545,15.89,13.07,,7,8,,6,5,,3,4,,1596,1534,,915,553,1234,.448,137,396,.346,353,529,.667,198,773,317,126,88,269,400
134,Iona,13,8,5,.615,-1.76,-6.76,,6,3,,4,2,,4,3,,971,906,,520,336,741,.453,106,295,.359,193,259,.745,143,471,196,92,60,209,297
135,Iowa State,18,2,16,.111,-1.05,10.39,,0,13,,2,8,,0,8,,1180,1386,,720,441,1051,.420,127,396,.321,171,222,.770,150,564,198,116,56,270,333
136,Iowa,23,17,6,.739,23.86,10.25,,11,5,,12,2,,5,3,,1987,1674,,925,695,1461,.476,234,580,.403,363,509,.713,278,945,450,128,100,224,353
137,Purdue-Fort Wayne,21,7,14,.333,-11.34,-7.44,,6,14,,5,6,,2,8,,1535,1617,,850,559,1113,.502,178,453,.393,239,345,.693,159,647,296,139,54,368,370
138,IUPUI,17,8,9,.471,-9.97,-5.79,,7,9,,4,5,,4,4,,1209,1280,,680,427,1012,.422,136,394,.345,219,305,.718,160,575,226,119,38,234,312
139,Jackson State,11,6,5,.545,-12.15,-10.05,,6,0,,2,0,,4,5,,702,725,,440,238,607,.392,55,175,.314,171,233,.734,115,396,104,87,36,187,222
140,Jacksonville State,23,15,8,.652,-3.47,-6.09,,11,6,,6,3,,7,5,,1706,1573,,930,616,1347,.457,184,530,.347,290,419,.692,255,891,332,117,77,310,353
141,Jacksonville,24,11,13,.458,-11.35,-6.94,,5,9,,7,5,,4,8,,1622,1668,,965,577,1320,.437,170,526,.323,298,449,.664,206,800,269,164,63,343,372
142,James Madison,18,13,5,.722,1.01,-2.92,,8,1,,10,2,,3,3,,1413,1253,,720,489,1084,.451,152,444,.342,283,425,.666,204,685,249,134,32,223,342
143,Kansas State,24,6,18,.250,-1.06,9.16,,2,13,,4,12,,2,6,,1487,1735,,960,543,1307,.415,159,534,.298,242,368,.658,243,785,316,126,40,360,413
144,Kansas,24,17,7,.708,16.37,9.89,,11,5,,11,1,,4,5,,1768,1584,,960,637,1449,.440,185,529,.350,309,428,.722,278,914,333,163,96,297,371
145,Kennesaw State,22,4,18,.182,-15.30,-3.35,,1,13,,4,9,,0,9,,1432,1540,,880,515,1244,.414,152,489,.311,250,375,.667,204,744,240,123,57,314,398
146,Kent State,19,14,5,.737,5.79,-0.98,,11,4,,9,2,,5,3,,1499,1328,,765,539,1197,.450,161,477,.338,260,332,.783,244,763,286,134,68,256,321
147,Kentucky,21,8,13,.381,12.21,12.59,,7,7,,4,5,,4,6,,1467,1475,,850,516,1242,.415,127,382,.332,308,420,.733,258,822,254,134,131,305,386
148,La Salle,22,8,14,.364,-1.84,4.50,,5,10,,5,3,,3,10,,1497,1612,,885,560,1286,.435,171,503,.340,206,305,.675,207,723,286,169,74,311,384
149,Lafayette,12,7,5,.583,-0.09,-1.42,,7,5,,5,2,,2,3,,935,919,,500,323,750,.431,101,284,.356,188,236,.797,119,434,194,79,43,134,230
150,Lamar,20,4,16,.200,-16.22,-5.17,,3,9,,3,4,,1,11,,1288,1509,,800,456,1145,.398,89,320,.278,287,390,.736,198,689,233,136,73,285,342
151,Lehigh,12,4,8,.333,-8.62,0.21,,4,8,,1,4,,3,4,,828,934,,485,311,709,.439,53,173,.306,153,221,.692,105,411,157,74,28,165,230
152,Liberty,22,17,5,.773,4.16,-5.90,,8,2,,11,0,,4,3,,1630,1286,,880,594,1220,.487,221,592,.373,221,292,.757,160,742,347,108,52,213,325
153,Lipscomb,25,15,10,.600,-5.58,-4.91,,9,5,,10,4,,4,6,,1796,1703,,1005,640,1374,.466,186,520,.358,330,471,.701,187,849,345,153,49,299,348
154,Cal State Long Beach,12,5,7,.417,-13.81,-6.06,,4,4,,4,1,,1,6,,878,971,,495,296,674,.439,80,226,.354,206,300,.687,93,411,139,70,38,196,237
155,Long Island University,16,9,7,.563,-5.34,-7.15,,9,7,,6,3,,3,4,,1192,1163,,640,428,1026,.417,120,405,.296,216,327,.661,221,637,268,138,64,238,274
156,Longwood,25,11,14,.440,-7.12,-6.37,,10,9,,8,4,,3,10,,1648,1669,,1000,582,1354,.430,180,526,.342,304,441,.689,230,827,266,153,45,324,442
157,Louisiana,21,14,7,.667,-4.55,-5.55,,8,6,,9,3,,5,3,,1581,1536,,850,583,1289,.452,153,428,.357,262,369,.710,248,813,276,125,100,324,368
158,Louisiana-Monroe,22,6,16,.273,-10.81,-6.04,,4,11,,4,8,,2,8,,1424,1529,,885,521,1239,.421,165,477,.346,217,309,.702,171,669,301,156,65,292,362
159,Louisiana State,20,14,6,.700,16.20,7.50,,9,4,,10,2,,3,4,,1662,1488,,805,579,1219,.475,162,461,.351,342,450,.760,220,746,254,174,57,246,340
160,Louisiana Tech,23,17,6,.739,4.86,-1.71,,10,4,,12,1,,5,5,,1657,1506,,920,582,1327,.439,160,489,.327,333,488,.682,225,879,260,148,53,298,364
161,Louisville,16,11,5,.688,11.76,9.64,,6,4,,8,1,,3,4,,1096,1062,,640,397,897,.443,84,276,.304,218,301,.724,170,609,181,82,34,196,279
162,Loyola (IL),23,19,4,.826,15.52,0.43,,14,2,,11,1,,8,3,,1664,1282,,925,611,1195,.511,165,444,.372,277,393,.705,162,754,364,154,47,273,337
163,Loyola Marymount,18,11,7,.611,3.58,1.13,,6,4,,8,3,,3,4,,1262,1218,,725,432,955,.452,116,336,.345,282,394,.716,176,648,238,79,51,290,345
164,Loyola (MD),11,3,8,.273,0.77,-1.41,,3,8,,2,3,,1,5,,826,802,,470,309,669,.462,57,195,.292,151,250,.604,126,434,149,80,38,152,194
165,Maine,9,2,7,.222,-14.66,-3.21,,2,6,,1,1,,1,6,,478,581,,360,172,452,.381,64,203,.315,70,123,.569,69,281,108,51,40,147,161
166,Manhattan,15,6,9,.400,-10.80,-7.13,,5,9,,3,5,,3,4,,949,1004,,620,317,868,.365,95,349,.272,220,324,.679,191,552,183,114,56,228,336
167,Marist,18,10,8,.556,-8.83,-7.66,,8,8,,4,3,,6,5,,1129,1150,,730,407,943,.432,116,376,.309,199,293,.679,132,611,194,100,75,266,322
168,Marquette,22,10,12,.455,8.99,8.58,,6,10,,6,7,,4,5,,1546,1537,,885,538,1210,.445,151,454,.333,319,435,.733,220,808,278,114,85,313,385
169,Marshall,17,12,5,.706,7.84,-1.58,,6,4,,6,2,,6,3,,1402,1242,,685,522,1084,.482,156,439,.355,202,278,.727,148,616,289,131,91,205,267
170,Maryland-Baltimore County,19,14,5,.737,0.40,-4.60,,10,4,,5,3,,9,2,,1314,1219,,760,457,1043,.438,129,387,.333,271,381,.711,164,694,209,101,33,246,320
171,Maryland-Eastern Shore,0,0,0,,,,,0,0,,0,0,,0,0,,,,,,,,,,,,,,,,,,,,,
172,Maryland,24,14,10,.583,15.80,13.06,,8,9,,10,5,,4,5,,1672,1567,,960,587,1283,.458,195,554,.352,303,437,.693,163,811,321,122,83,267,354
173,Massachusetts-Lowell,19,8,11,.421,-5.27,-2.43,,7,8,,3,4,,4,5,,1310,1364,,760,463,1018,.455,119,342,.348,265,401,.661,168,661,232,100,77,284,387
174,Massachusetts,11,7,4,.636,6.70,0.25,,6,2,,4,3,,3,1,,857,786,,455,285,688,.414,96,296,.324,191,258,.740,110,394,173,85,44,135,194
175,McNeese State,19,8,11,.421,-20.38,-10.38,,2,9,,6,3,,2,8,,1561,1362,,760,588,1178,.499,164,417,.393,221,334,.662,212,709,379,149,35,276,323
176,Memphis,18,12,6,.667,12.02,2.24,,8,3,,9,1,,2,2,,1308,1132,,720,478,1078,.443,135,378,.357,217,349,.622,218,709,290,168,95,288,347
177,Mercer,22,13,9,.591,0.56,-0.70,,6,8,,7,4,,6,5,,1712,1620,,895,633,1311,.483,192,512,.375,254,364,.698,192,783,376,151,73,290,355
178,Merrimack,14,8,6,.571,-5.74,-6.46,,8,6,,5,2,,3,4,,921,911,,565,340,768,.443,99,323,.307,142,221,.643,103,448,172,113,46,182,231
179,Miami (FL),20,7,13,.350,3.39,8.14,,3,12,,6,7,,1,6,,1322,1417,,805,477,1127,.423,111,383,.290,257,380,.676,193,712,228,140,80,265,256
180,Miami (OH),18,9,9,.500,-3.00,-1.24,,6,7,,7,3,,2,6,,1295,1310,,720,460,1050,.438,145,411,.353,230,297,.774,174,604,219,84,45,192,302
181,Michigan State,20,11,9,.550,9.79,10.69,,5,9,,8,3,,3,6,,1416,1434,,800,507,1193,.425,144,433,.333,258,349,.739,226,767,338,88,89,274,393
182,Michigan,17,16,1,.941,24.00,11.00,,11,1,,11,0,,5,1,,1346,1125,,685,492,981,.502,133,344,.387,227,296,.767,158,661,285,73,85,205,252
183,Middle Tennessee,18,5,13,.278,-8.40,-0.05,,3,9,,5,6,,0,5,,1145,1268,,720,417,1047,.398,136,414,.329,175,259,.676,177,603,177,135,38,276,302
184,Milwaukee,19,8,11,.421,-7.49,-6.23,,7,10,,3,5,,5,6,,1419,1443,,775,502,1147,.438,139,418,.333,276,377,.732,160,656,250,109,44,211,344
185,Minnesota,23,13,10,.565,13.69,12.96,,6,10,,13,2,,0,8,,1709,1692,,930,570,1413,.403,171,577,.296,398,531,.750,265,836,331,139,111,253,425
186,Mississippi State,23,12,11,.522,9.12,5.38,,6,8,,8,5,,4,3,,1613,1527,,940,598,1316,.454,130,362,.359,287,443,.648,282,881,298,155,105,339,366
187,Mississippi Valley State,18,1,17,.056,-40.67,-6.45,,1,9,,0,3,,1,14,,1013,1629,,720,358,1011,.354,164,510,.322,133,226,.588,116,508,192,82,42,312,332
188,Mississippi,21,12,9,.571,11.48,5.77,,7,7,,8,4,,4,5,,1461,1341,,845,534,1200,.445,110,387,.284,283,410,.690,249,754,267,176,82,294,367
189,Missouri-Kansas City,21,11,10,.524,-4.66,-4.01,,7,5,,8,3,,2,6,,1492,1277,,840,572,1132,.505,130,345,.377,218,334,.653,157,665,316,171,45,270,454
190,Missouri State,20,15,5,.750,6.57,0.74,,11,5,,9,4,,6,1,,1474,1315,,800,527,1111,.474,157,463,.339,263,355,.741,158,742,283,99,55,258,308
191,Missouri,20,14,6,.700,13.39,10.54,,7,6,,8,2,,5,4,,1499,1442,,810,527,1146,.460,135,427,.316,310,443,.700,192,726,266,129,72,267,400
192,Monmouth,17,10,7,.588,-2.77,-5.59,,10,6,,7,2,,3,5,,1319,1271,,690,449,1052,.427,137,369,.371,284,400,.710,173,644,249,137,62,234,362
193,Montana State,16,9,7,.563,-5.94,-3.94,,6,4,,4,2,,5,5,,1207,1166,,650,416,931,.447,117,334,.350,258,344,.750,140,549,194,79,37,199,304
194,Montana,21,9,12,.429,-3.98,-1.93,,5,9,,6,4,,3,8,,1487,1420,,855,526,1140,.461,109,293,.372,326,403,.809,169,698,272,97,53,285,419
195,Morehead State,24,17,7,.708,-1.08,-3.85,,14,3,,10,1,,7,5,,1632,1523,,965,589,1287,.458,166,481,.345,288,433,.665,252,884,312,111,111,373,357
196,Morgan State,17,11,6,.647,-5.00,-9.00,,6,4,,5,5,,6,1,,1366,1250,,680,476,1082,.440,144,423,.340,270,355,.761,225,666,268,130,60,261,353
197,Mount St. Mary's,19,9,10,.474,-3.62,-4.30,,8,7,,6,3,,3,6,,1191,1178,,765,437,1028,.425,129,382,.338,188,278,.676,204,694,224,82,74,249,278
198,Murray State,23,13,10,.565,-0.13,-7.47,,10,8,,9,4,,4,6,,1786,1513,,920,683,1344,.508,187,505,.370,233,346,.673,207,833,393,162,83,313,384
199,Navy,15,13,2,.867,5.23,0.23,,10,1,,7,1,,5,1,,1080,1005,,610,392,888,.441,96,293,.328,200,274,.730,172,545,186,117,34,178,246
200,Omaha,22,3,19,.136,-13.18,-1.31,,1,11,,1,5,,1,12,,1452,1713,,880,546,1313,.416,108,329,.328,252,376,.670,187,747,210,128,62,290,407
201,Nebraska,20,5,15,.250,5.75,12.18,,1,12,,4,8,,1,7,,1378,1454,,805,484,1197,.404,159,495,.321,251,402,.624,194,748,258,147,70,266,349
202,Nevada-Las Vegas,21,10,11,.476,-1.30,1.17,,7,7,,7,2,,3,6,,1479,1411,,840,553,1249,.443,187,527,.355,186,267,.697,227,775,279,141,57,263,383
203,Nevada,21,14,7,.667,4.42,-0.74,,7,5,,9,2,,2,5,,1534,1409,,840,525,1170,.449,155,456,.340,329,435,.756,172,766,302,109,67,261,405
204,New Hampshire,18,10,8,.556,-6.89,-5.77,,9,6,,5,5,,5,3,,1214,1194,,725,431,1064,.405,124,385,.322,228,333,.685,194,674,203,98,54,208,326
205,New Mexico State,12,6,6,.500,-5.83,-5.17,,3,5,,3,2,,2,4,,865,798,,480,297,702,.423,98,329,.298,173,238,.727,138,431,149,58,24,135,216
206,New Mexico,18,5,13,.278,-13.31,-1.31,,0,6,,0,0,,2,6,,1158,1279,,730,439,1082,.406,79,300,.263,201,340,.591,249,709,210,104,71,264,324
207,New Orleans,17,4,13,.235,-13.55,-7.24,,3,6,,3,2,,0,10,,1221,1305,,680,458,1012,.453,92,295,.312,213,297,.717,173,583,254,122,42,282,347
208,Niagara,18,8,10,.444,-6.64,-6.08,,7,9,,5,3,,3,7,,1162,1172,,720,407,990,.411,118,365,.323,230,326,.706,141,564,213,101,33,178,295
209,Nicholls State,19,13,6,.684,-5.51,-8.74,,10,2,,6,1,,5,5,,1472,1369,,765,556,1220,.456,149,457,.326,211,319,.661,208,714,250,174,61,253,358
210,NJIT,18,7,11,.389,-8.70,-4.98,,6,10,,3,5,,4,6,,1190,1257,,730,417,1033,.404,115,372,.309,241,354,.681,162,570,173,122,37,197,316
211,Norfolk State,19,12,7,.632,-6.83,-8.38,,7,4,,5,4,,6,3,,1414,1364,,765,479,1119,.428,144,394,.365,312,444,.703,198,702,225,114,60,246,379
212,North Alabama,18,10,8,.556,-11.67,-7.31,,6,6,,7,4,,3,4,,1336,1232,,730,470,1114,.422,145,439,.330,251,339,.740,215,720,206,111,58,264,330
213,North Carolina-Asheville,19,10,9,.526,-5.47,-6.94,,9,5,,6,3,,4,6,,1407,1379,,775,522,1100,.475,157,429,.366,206,336,.613,179,647,246,130,86,284,357
214,North Carolina A&T,18,8,10,.444,-14.06,-6.06,,5,1,,3,4,,4,6,,1271,1361,,725,449,1082,.415,112,363,.309,261,396,.659,195,628,241,141,49,267,322
215,North Carolina Central,9,4,5,.444,-11.12,-5.74,,2,2,,3,0,,0,5,,636,646,,365,233,516,.452,64,170,.376,106,158,.671,72,276,118,67,19,127,195
216,North Carolina-Greensboro,23,16,7,.696,2.84,-2.38,,11,4,,7,2,,8,3,,1667,1547,,920,631,1502,.420,165,583,.283,240,350,.686,300,915,283,166,91,264,424
217,North Carolina State,19,10,9,.526,10.37,6.79,,6,8,,6,4,,3,5,,1403,1335,,765,524,1106,.474,129,357,.361,226,327,.691,194,616,249,169,81,256,313
218,North Carolina-Wilmington,15,7,8,.467,-4.49,-5.21,,1,5,,3,3,,3,4,,1160,1100,,605,392,887,.442,113,330,.342,263,342,.769,143,481,180,94,51,167,279
219,North Carolina,21,14,7,.667,15.23,9.61,,8,5,,8,0,,3,6,,1562,1444,,840,581,1309,.444,112,354,.316,288,444,.649,316,899,332,149,86,299,353
220,North Dakota State,22,12,10,.545,-1.29,-3.47,,10,4,,6,2,,4,6,,1503,1455,,885,530,1192,.445,147,441,.333,296,389,.761,194,809,225,85,59,280,337
221,North Dakota,25,9,16,.360,-10.93,-4.09,,8,8,,5,3,,3,11,,1722,1893,,1015,600,1397,.429,187,548,.341,335,478,.701,203,804,296,131,54,326,432
222,North Florida,20,7,13,.350,-10.82,-3.93,,5,5,,5,3,,2,9,,1394,1498,,800,494,1114,.443,200,540,.370,206,287,.718,185,669,261,82,66,308,343
223,North Texas,18,12,6,.667,7.57,-1.96,,8,2,,8,1,,4,5,,1302,1108,,720,481,982,.490,139,376,.370,201,270,.744,149,605,249,124,47,245,284
224,Northeastern,17,9,8,.529,-0.48,1.29,,8,2,,5,1,,4,7,,1147,1177,,685,408,925,.441,148,417,.355,183,248,.738,103,557,216,104,33,237,269
225,Northern Arizona,18,5,13,.278,-15.15,-2.93,,4,8,,1,6,,4,6,,1111,1331,,725,401,979,.410,100,309,.324,209,299,.699,153,517,183,97,26,206,316
226,Northern Colorado,16,8,8,.500,-9.00,-6.21,,5,6,,4,4,,4,4,,1099,1088,,645,388,869,.446,136,374,.364,187,284,.658,121,529,167,72,45,222,288
227,Northern Illinois,15,2,13,.133,-14.92,-0.25,,1,9,,2,5,,0,8,,911,1131,,605,352,879,.400,78,250,.312,129,214,.603,193,551,162,79,48,219,274
228,Northern Iowa,22,7,15,.318,-2.02,4.08,,5,11,,6,5,,1,7,,1509,1576,,880,563,1277,.441,166,499,.333,217,320,.678,202,788,281,129,56,287,335
229,Northern Kentucky,23,13,10,.565,-5.08,-5.64,,11,7,,8,4,,5,6,,1656,1643,,935,608,1346,.452,163,523,.312,277,395,.701,272,792,265,152,38,292,386
230,Northwestern State,21,7,14,.333,-13.12,-2.52,,6,4,,3,3,,4,10,,1493,1672,,850,560,1315,.426,147,448,.328,226,335,.675,220,747,274,135,64,308,410
231,Northwestern,20,6,14,.300,10.92,13.86,,3,13,,5,6,,1,8,,1434,1438,,810,518,1183,.438,167,476,.351,231,320,.722,148,670,303,116,54,227,362
232,Notre Dame,20,9,11,.450,11.59,10.94,,6,8,,5,4,,4,6,,1452,1439,,800,521,1112,.469,184,483,.381,226,293,.771,130,663,312,79,79,206,237
233,Oakland,27,10,17,.370,-8.48,-1.07,,10,10,,4,4,,6,11,,2015,2215,,1115,693,1665,.416,232,700,.331,397,556,.714,312,946,396,227,48,360,406
234,Ohio State,23,18,5,.783,21.11,12.20,,12,5,,10,2,,7,3,,1806,1601,,920,607,1307,.464,194,527,.368,398,512,.777,229,841,297,103,77,237,414
235,Ohio,17,11,6,.647,4.03,-1.91,,7,4,,6,2,,4,4,,1362,1247,,680,503,1033,.487,143,412,.347,213,308,.692,163,578,300,118,42,204,278
236,Oklahoma State,20,14,6,.700,12.27,7.12,,7,6,,8,3,,6,3,,1515,1412,,815,543,1196,.454,133,391,.340,296,423,.700,227,788,269,151,92,311,340
237,Oklahoma,19,14,5,.737,16.36,8.15,,9,4,,10,1,,4,4,,1441,1285,,770,516,1167,.442,151,454,.333,258,345,.748,201,719,259,138,63,202,275
238,Old Dominion,18,12,6,.667,-1.20,-0.20,,8,4,,7,1,,5,5,,1248,1245,,725,458,1027,.446,88,311,.283,244,346,.705,188,663,230,131,62,241,289
239,Oral Roberts,21,11,10,.524,-2.05,-1.27,,8,5,,6,3,,5,7,,1705,1605,,840,592,1319,.449,244,622,.392,277,342,.810,191,748,262,132,74,246,366
240,Oregon State,22,11,11,.500,5.32,6.56,,7,9,,10,5,,1,6,,1547,1501,,885,532,1266,.420,155,447,.347,328,432,.759,235,771,336,135,81,250,424
241,Oregon,18,14,4,.778,13.51,5.62,,9,3,,9,2,,4,1,,1334,1192,,720,495,1072,.462,144,406,.355,200,283,.707,176,630,243,136,71,223,299
242,Pacific,14,7,7,.500,1.60,4.98,,4,6,,5,2,,2,5,,981,997,,575,370,854,.433,78,257,.304,163,246,.663,149,488,188,87,50,171,275
243,Penn State,19,7,12,.368,15.18,16.23,,4,11,,6,4,,1,8,,1382,1402,,770,487,1187,.410,168,490,.343,240,323,.743,231,679,244,149,47,219,347
244,Pennsylvania,0,0,0,,,,,0,0,,0,0,,0,0,,,,,,,,,,,,,,,,,,,,,
245,Pepperdine,19,10,9,.526,3.75,5.45,,6,4,,7,4,,2,4,,1450,1407,,775,519,1142,.454,131,413,.317,281,362,.776,156,674,318,125,62,250,365
246,Pittsburgh,18,9,9,.500,10.20,8.31,,5,8,,6,6,,3,3,,1299,1265,,720,461,1067,.432,116,358,.324,261,388,.673,230,695,278,110,61,222,312
247,Portland State,17,8,9,.471,-5.93,-6.24,,5,5,,7,4,,1,5,,1197,1114,,685,427,1048,.407,121,403,.300,222,322,.689,230,657,213,152,58,245,353
248,Portland,20,6,14,.300,-14.42,3.75,,0,11,,5,8,,1,6,,1373,1653,,805,459,1131,.406,141,429,.329,314,404,.777,132,579,238,127,61,280,316
249,Prairie View,12,8,4,.667,-4.19,-9.94,,7,0,,4,0,,3,3,,842,773,,480,317,696,.455,83,254,.327,125,183,.683,128,405,193,122,45,170,264
250,Presbyterian,20,7,13,.350,-13.37,-8.06,,5,11,,5,5,,2,8,,1269,1331,,800,453,1073,.422,118,375,.315,245,362,.677,219,660,220,141,42,311,399
251,Princeton,0,0,0,,,,,0,0,,0,0,,0,0,,,,,,,,,,,,,,,,,,,,,
252,Providence,22,11,11,.500,9.69,9.33,,7,9,,6,3,,4,6,,1550,1542,,900,558,1298,.430,137,423,.324,297,415,.716,242,791,304,128,66,258,371
253,Purdue,23,15,8,.652,16.80,12.24,,10,6,,9,1,,4,6,,1629,1524,,920,588,1315,.447,165,493,.335,288,403,.715,256,865,326,119,74,292,403
254,Quinnipiac,17,8,9,.471,-6.62,-7.21,,6,7,,7,4,,1,3,,1189,1179,,695,408,968,.421,132,387,.341,241,343,.703,122,613,223,85,79,248,337
255,Radford,24,13,11,.542,-5.36,-5.92,,12,6,,7,4,,6,6,,1625,1564,,980,574,1261,.455,137,446,.307,340,497,.684,264,899,266,143,43,357,377
256,Rhode Island,23,10,13,.435,7.60,6.20,,7,9,,6,3,,2,8,,1639,1607,,940,580,1316,.441,131,416,.315,348,516,.674,241,896,276,154,108,334,409
257,Rice,22,12,10,.545,-2.10,-2.55,,6,8,,8,3,,3,7,,1680,1612,,880,593,1315,.451,234,630,.371,260,360,.722,220,825,346,122,47,335,313
258,Richmond,17,12,5,.706,10.52,5.58,,5,3,,5,3,,6,2,,1293,1173,,680,477,989,.482,130,367,.354,209,282,.741,114,510,252,149,36,180,262
259,Rider,17,4,13,.235,-12.59,-5.00,,4,10,,1,6,,3,7,,1149,1278,,680,426,1005,.424,102,306,.333,195,261,.747,155,570,210,86,31,200,319
260,Robert Morris,18,4,14,.222,-11.75,-4.22,,3,12,,3,6,,1,8,,1301,1411,,750,490,1112,.441,134,376,.356,187,286,.654,201,625,283,118,55,245,332
261,Rutgers,21,12,9,.571,16.53,13.72,,8,9,,9,4,,3,5,,1488,1429,,840,568,1250,.454,127,400,.318,225,360,.625,216,749,294,165,108,231,365
262,Sacramento State,15,7,8,.467,-10.35,-6.12,,4,6,,5,1,,2,7,,1068,1048,,615,394,879,.448,101,285,.354,179,264,.678,156,494,201,108,31,153,265
263,Sacred Heart,15,8,7,.533,-8.25,-5.05,,8,6,,3,2,,5,5,,1071,1119,,615,364,878,.415,115,356,.323,228,307,.743,165,564,199,74,35,199,252
264,Saint Francis (PA),21,6,15,.286,-7.76,-3.38,,5,12,,4,5,,2,10,,1450,1542,,845,518,1209,.428,126,399,.316,288,400,.720,220,743,273,122,46,297,361
265,Saint Joseph's,16,2,14,.125,-5.03,7.29,,1,9,,2,3,,0,9,,1132,1329,,665,407,994,.409,145,477,.304,173,250,.692,135,547,237,96,32,240,305
266,Saint Louis,15,11,4,.733,13.00,0.53,,4,3,,10,1,,1,3,,1153,966,,600,428,921,.465,104,303,.343,193,274,.704,185,582,274,117,45,176,261
267,Saint Mary's (CA),18,11,7,.611,7.34,4.23,,2,5,,7,3,,2,2,,1193,1137,,720,436,1005,.434,121,383,.316,200,278,.719,155,623,198,112,56,206,309
268,Saint Peter's,19,11,8,.579,-2.99,-4.83,,8,6,,7,2,,3,6,,1201,1166,,760,425,1063,.400,120,365,.329,231,338,.683,203,715,227,147,103,278,393
269,Sam Houston State,22,16,6,.727,-1.79,-2.68,,10,1,,11,0,,5,5,,1785,1547,,880,632,1387,.456,206,557,.370,315,462,.682,260,820,357,187,67,318,454
270,Samford,18,6,12,.333,-7.30,-1.30,,2,9,,4,5,,2,7,,1401,1423,,735,521,1152,.452,144,457,.315,215,314,.685,209,712,275,123,43,293,379
271,San Diego State,21,17,4,.810,14.69,0.84,,11,3,,11,2,,5,2,,1575,1256,,840,550,1194,.461,191,494,.387,284,402,.706,210,762,307,173,62,242,387
272,San Diego,11,3,8,.273,-6.84,4.07,,2,5,,0,3,,3,5,,725,845,,445,271,658,.412,68,211,.322,115,177,.650,81,371,143,78,39,148,205
273,San Francisco,21,10,11,.476,5.05,2.43,,4,7,,3,5,,4,4,,1511,1456,,840,545,1276,.427,222,641,.346,199,276,.721,192,717,253,155,74,260,418
274,San Jose State,20,5,15,.250,-17.06,0.83,,2,12,,4,6,,0,8,,1301,1599,,800,465,1190,.391,148,474,.312,223,346,.645,164,689,198,97,57,256,329
275,Santa Clara,16,10,6,.625,-2.72,-0.46,,4,4,,6,3,,4,2,,1072,1083,,640,366,881,.415,84,284,.296,256,378,.677,135,602,196,70,71,215,290
276,Seattle,17,9,8,.529,-8.40,-7.64,,2,3,,5,2,,2,5,,1257,1135,,685,451,1059,.426,144,454,.317,211,291,.725,170,589,213,106,67,181,322
277,Seton Hall,22,13,9,.591,13.40,10.08,,10,6,,7,3,,6,5,,1608,1535,,890,556,1231,.452,152,459,.331,344,460,.748,219,766,292,145,97,285,361
278,Siena,12,9,3,.750,-2.58,-7.75,,9,3,,3,1,,6,2,,811,749,,480,287,637,.451,82,236,.347,155,235,.660,110,426,155,65,36,149,185
279,South Alabama,24,16,8,.667,-5.47,-6.02,,10,5,,10,3,,6,5,,1773,1668,,975,617,1384,.446,215,588,.366,324,456,.711,230,862,256,180,79,292,375
280,South Carolina State,15,0,15,.000,-25.49,-5.16,,0,5,,0,4,,0,11,,914,1219,,600,337,872,.386,106,330,.321,134,214,.626,144,471,155,93,42,267,278
281,South Carolina Upstate,21,5,16,.238,-13.26,-4.71,,5,10,,3,7,,2,9,,1397,1578,,840,498,1169,.426,161,470,.343,240,325,.738,169,654,256,131,52,299,384
282,South Carolina,16,5,11,.313,6.15,10.27,,3,9,,3,5,,1,5,,1188,1254,,640,437,1034,.423,118,371,.318,196,295,.664,214,586,214,136,59,247,316
283,South Dakota State,19,13,6,.684,2.28,-1.94,,7,3,,6,1,,4,2,,1522,1403,,760,541,1117,.484,165,411,.401,275,391,.703,147,689,259,105,60,225,311
284,South Dakota,21,12,9,.571,-1.73,-3.93,,10,3,,6,1,,5,4,,1581,1497,,840,569,1235,.461,155,410,.378,288,368,.783,164,758,293,95,55,230,389
285,South Florida,16,8,8,.500,3.29,5.35,,4,6,,4,4,,3,2,,1095,1116,,645,392,941,.417,101,299,.338,210,328,.640,203,610,188,88,42,224,288
286,Southeast Missouri State,23,9,14,.391,-9.04,-6.65,,7,10,,7,5,,1,9,,1582,1637,,950,538,1242,.433,171,488,.350,335,510,.657,221,821,314,161,56,365,436
287,Southeastern Louisiana,19,6,13,.316,-15.79,-5.84,,4,7,,3,3,,3,10,,1264,1453,,770,410,1067,.384,120,433,.277,324,488,.664,242,675,191,117,50,316,381
288,Southern California,22,18,4,.818,17.39,5.93,,12,3,,11,2,,6,1,,1669,1417,,890,604,1289,.469,139,402,.346,322,496,.649,272,886,312,102,124,273,352
289,SIU Edwardsville,22,8,14,.364,-14.45,-4.68,,6,10,,1,6,,6,7,,1471,1641,,880,536,1201,.446,140,420,.333,259,384,.674,200,724,296,132,102,355,366
290,Southern Illinois,21,10,11,.476,-4.53,-0.48,,4,11,,7,5,,3,6,,1405,1445,,845,500,1120,.446,173,467,.370,232,348,.667,121,633,293,126,40,242,306
291,Southern Methodist,15,11,4,.733,12.23,4.56,,7,4,,6,2,,5,2,,1114,999,,600,402,879,.457,110,324,.340,200,271,.738,153,559,230,92,68,208,257
292,Southern Mississippi,22,8,14,.364,-6.40,-2.15,,4,11,,6,5,,2,9,,1427,1465,,885,541,1236,.438,118,366,.322,227,334,.680,188,781,270,129,42,303,347
293,Southern Utah,18,15,3,.833,-1.99,-5.91,,8,2,,13,0,,2,3,,1535,1252,,720,532,1129,.471,166,487,.341,305,419,.728,214,730,266,127,44,227,308
294,Southern,13,5,8,.385,-13.82,-11.59,,5,4,,2,2,,3,5,,888,917,,530,314,744,.422,72,217,.332,188,286,.657,132,487,182,99,39,213,283
295,St. Bonaventure,14,11,3,.786,12.49,4.42,,9,3,,7,0,,3,3,,994,881,,560,363,804,.451,79,233,.339,189,259,.730,162,528,206,81,48,164,230
296,St. Francis (NY),17,8,9,.471,-8.13,-5.78,,8,8,,4,6,,4,3,,1325,1365,,685,486,1086,.448,107,321,.333,246,336,.732,186,605,244,132,61,197,341
297,St. John's (NY),23,14,9,.609,9.94,7.03,,8,8,,9,3,,4,5,,1843,1776,,930,677,1496,.453,176,491,.358,313,416,.752,258,821,390,216,96,290,419
298,Stanford,23,14,9,.609,10.57,7.40,,10,7,,5,2,,6,5,,1653,1580,,940,591,1241,.476,117,371,.315,354,495,.715,178,793,292,167,81,350,390
299,Stephen F. Austin,16,13,3,.813,-2.17,-8.79,,10,1,,10,0,,3,3,,1316,1151,,640,490,921,.532,81,231,.351,255,375,.680,191,567,270,146,56,265,326
300,Stetson,21,9,12,.429,-7.88,-4.32,,6,8,,6,4,,3,8,,1504,1473,,845,532,1242,.428,202,537,.376,238,342,.696,216,741,281,152,62,281,353
301,Stony Brook,22,9,13,.409,-5.04,-3.66,,7,9,,5,5,,4,8,,1460,1445,,890,523,1269,.412,132,451,.293,282,415,.680,249,837,273,124,108,297,366
302,Syracuse,19,13,6,.684,13.60,7.33,,7,5,,11,1,,2,5,,1454,1335,,765,514,1165,.441,148,448,.330,278,349,.797,197,690,293,174,92,219,276
303,Tarleton State,16,7,9,.438,-10.28,-3.46,,2,6,,5,2,,2,7,,1218,1008,,640,438,927,.472,93,238,.391,249,347,.718,143,524,237,182,47,184,328
304,Temple,14,4,10,.286,2.48,7.05,,3,10,,3,5,,1,5,,917,981,,560,301,756,.398,97,296,.328,218,305,.715,134,506,183,56,28,193,242
305,Tennessee-Martin,22,7,15,.318,-18.65,-4.22,,5,13,,6,7,,1,8,,1445,1713,,890,507,1281,.396,157,460,.341,274,379,.723,244,717,265,154,62,311,392
306,Tennessee State,21,4,17,.190,-13.36,-6.76,,3,15,,4,8,,0,9,,1429,1539,,850,515,1213,.425,125,443,.282,274,407,.673,194,704,253,159,68,329,439
307,Tennessee Tech,25,3,22,.120,-14.42,-2.70,,3,15,,3,6,,0,16,,1645,1938,,1005,598,1398,.428,187,600,.312,262,390,.672,226,842,340,160,58,400,399
308,Tennessee,21,15,6,.714,17.92,7.64,,8,6,,12,3,,3,3,,1532,1316,,840,532,1195,.445,137,398,.344,331,446,.742,219,748,319,149,97,250,342
309,Texas A&M-Corpus Christi,19,4,15,.211,-15.34,-3.15,,1,9,,4,6,,0,8,,1216,1349,,760,423,1001,.423,115,353,.326,255,371,.687,160,638,243,118,55,323,352
310,Texas A&M,15,8,7,.533,2.51,4.11,,2,6,,6,3,,2,3,,952,976,,600,321,770,.417,96,318,.302,214,296,.723,155,497,174,104,27,231,250
311,Texas-Arlington,22,11,11,.500,-7.05,-3.68,,7,7,,7,4,,3,7,,1619,1533,,885,574,1401,.410,202,569,.355,269,367,.733,256,836,305,181,100,280,364
312,Texas Christian,20,11,9,.550,4.29,6.69,,4,7,,6,5,,2,4,,1366,1414,,805,492,1114,.442,138,400,.345,242,365,.663,202,710,264,119,78,276,306
313,Texas-El Paso,20,10,10,.500,-0.64,1.19,,6,8,,8,2,,2,8,,1419,1392,,805,504,1191,.423,144,436,.330,267,358,.746,168,683,239,124,54,225,351
314,Texas-Rio Grande Valley,13,9,4,.692,-4.90,-6.01,,2,0,,8,1,,1,3,,1021,856,,520,349,822,.425,94,297,.316,229,355,.645,189,545,217,136,53,198,280
315,Texas-San Antonio,21,12,9,.571,-2.96,-1.29,,8,6,,10,1,,2,8,,1635,1578,,840,600,1378,.435,165,506,.326,270,352,.767,245,794,291,136,65,248,391
316,Texas Southern,15,7,8,.467,-7.16,-4.02,,4,3,,4,2,,3,6,,1078,1079,,600,393,889,.442,69,238,.290,223,332,.672,180,609,195,109,70,246,275
317,Texas State,21,15,6,.714,-3.15,-6.63,,9,3,,6,3,,8,3,,1411,1309,,850,539,1153,.467,116,306,.379,217,312,.696,203,684,292,150,63,277,355
318,Texas Tech,21,14,7,.667,16.74,6.03,,6,6,,8,4,,5,2,,1546,1321,,845,527,1210,.436,133,392,.339,359,498,.721,252,750,265,146,87,229,363
319,Texas,19,13,6,.684,16.90,9.68,,7,5,,7,5,,3,1,,1438,1301,,770,509,1124,.453,167,476,.351,253,370,.684,218,750,249,125,75,259,390
320,Toledo,24,18,6,.750,8.15,-0.39,,13,3,,10,1,,7,4,,1937,1732,,970,675,1490,.453,260,681,.382,327,419,.780,263,900,395,146,60,273,370
321,Towson,17,4,13,.235,-7.71,-1.01,,3,9,,4,4,,0,6,,1166,1280,,690,417,1010,.413,89,301,.296,243,335,.725,221,640,166,86,48,212,303
322,Troy,24,10,14,.417,-11.82,-3.91,,4,10,,7,2,,2,11,,1540,1619,,965,537,1341,.400,136,489,.278,330,467,.707,250,891,266,144,82,362,411
323,Tulane,18,9,9,.500,1.97,1.86,,4,9,,6,5,,3,4,,1154,1152,,720,381,998,.382,125,412,.303,267,350,.763,161,604,216,128,52,205,278
324,Tulsa,19,10,9,.526,5.36,6.14,,7,7,,6,4,,4,3,,1258,1215,,760,456,1033,.441,117,403,.290,229,343,.668,171,645,258,122,36,254,315
325,UCLA,21,16,5,.762,12.55,6.83,,12,3,,11,0,,4,4,,1541,1421,,865,550,1213,.453,141,392,.360,300,416,.721,215,755,295,113,54,228,337
326,Utah State,21,14,7,.667,10.58,-0.32,,9,4,,7,2,,4,3,,1568,1324,,840,579,1270,.456,138,404,.342,272,380,.716,263,848,336,147,98,294,330
327,Utah Valley,17,8,9,.471,-5.44,-3.64,,6,3,,6,4,,2,5,,1296,1290,,685,479,963,.497,91,264,.345,247,402,.614,172,647,312,90,84,259,340
328,Utah,19,9,10,.474,7.65,5.96,,6,9,,6,3,,3,7,,1320,1288,,760,480,1055,.455,118,362,.326,242,312,.776,153,599,276,111,59,245,320
329,Valparaiso,24,9,15,.375,-3.66,1.89,,6,9,,5,5,,4,10,,1589,1653,,970,574,1348,.426,164,543,.302,277,379,.731,168,772,309,160,84,299,379
330,Vanderbilt,18,6,12,.333,5.56,5.67,,2,10,,5,6,,1,6,,1327,1329,,720,453,1047,.433,166,476,.349,255,347,.735,197,634,237,128,47,253,322
331,Vermont,14,10,4,.714,3.92,-6.80,,10,4,,6,2,,4,2,,1030,880,,570,357,770,.464,111,319,.348,205,264,.777,116,501,198,69,36,174,251
332,Villanova,17,14,3,.824,18.49,8.78,,9,2,,7,0,,4,2,,1325,1160,,685,459,1001,.459,168,449,.374,239,303,.789,167,574,268,88,26,153,263
333,Virginia Commonwealth,21,16,5,.762,12.39,4.39,,9,3,,9,2,,5,2,,1538,1370,,845,541,1193,.453,141,420,.336,315,411,.766,199,728,289,209,116,320,395
334,VMI,23,12,11,.522,0.52,-0.53,,7,7,,11,1,,1,10,,1851,1734,,925,648,1390,.466,256,660,.388,299,384,.779,189,889,374,127,70,299,343
335,Virginia Tech,18,14,4,.778,14.21,7.27,,8,3,,9,1,,3,3,,1305,1180,,730,456,1019,.447,147,429,.343,246,347,.709,172,636,254,83,68,209,290
336,Virginia,20,15,5,.750,18.10,9.15,,11,3,,9,0,,5,3,,1384,1205,,805,513,1048,.490,175,438,.400,183,232,.789,123,630,282,98,79,193,256
337,Wagner,15,10,5,.667,-2.40,-4.46,,10,4,,5,2,,5,3,,1067,1036,,615,397,897,.443,95,282,.337,178,256,.695,180,532,194,97,41,188,317
338,Wake Forest,17,6,11,.353,5.89,8.77,,3,11,,5,4,,1,7,,1176,1214,,685,404,945,.428,151,430,.351,217,294,.738,158,572,200,113,41,239,291
339,Washington State,24,14,10,.583,6.69,4.36,,7,10,,11,5,,3,4,,1667,1611,,985,565,1359,.416,188,543,.346,349,495,.705,266,912,297,147,87,362,445
340,Washington,22,5,17,.227,-0.01,9.44,,4,13,,4,7,,1,6,,1454,1662,,880,528,1264,.418,162,487,.333,236,326,.724,179,673,226,136,86,298,393
341,Weber State,19,14,5,.737,3.77,-6.23,,9,3,,10,0,,4,5,,1592,1312,,760,545,1075,.507,177,433,.409,325,414,.785,128,637,302,131,63,245,319
342,West Virginia,21,15,6,.714,16.46,11.03,,8,4,,6,3,,6,2,,1634,1520,,850,564,1307,.432,156,417,.374,350,499,.701,285,817,291,142,53,248,343
343,Western Carolina,23,9,14,.391,-7.59,-1.64,,2,12,,5,4,,3,9,,1731,1811,,945,607,1349,.450,182,555,.328,335,464,.722,194,809,302,114,69,329,392
344,Western Illinois,19,7,12,.368,-11.48,-5.48,,5,7,,2,5,,4,7,,1397,1480,,760,483,1170,.413,131,415,.316,300,413,.726,218,719,205,104,58,249,376
345,Western Kentucky,19,15,4,.789,5.83,0.25,,8,2,,8,1,,5,2,,1425,1319,,765,501,1089,.460,120,343,.350,303,384,.789,199,720,259,126,81,275,290
346,Western Michigan,17,4,13,.235,-8.53,1.48,,3,9,,2,7,,2,6,,1079,1219,,680,406,940,.432,112,338,.331,155,240,.646,139,573,201,75,39,245,286
347,Wichita State,17,13,4,.765,9.88,8.21,,9,2,,9,2,,4,2,,1235,1156,,690,413,1024,.403,132,401,.329,277,395,.701,213,661,211,98,60,198,274
348,William & Mary,14,6,8,.429,-9.95,-2.73,,4,5,,1,3,,5,5,,927,1028,,565,329,795,.414,85,283,.300,184,249,.739,148,475,164,70,48,184,220
349,Winthrop,21,20,1,.952,3.37,-7.53,,17,1,,8,1,,10,0,,1664,1435,,840,586,1284,.456,177,501,.353,315,464,.679,275,841,309,166,50,301,382
350,Wisconsin,24,16,8,.667,18.39,11.26,,10,7,,11,4,,5,4,,1676,1505,,970,589,1392,.423,203,565,.359,295,390,.756,200,827,320,142,92,216,379
351,Wofford,22,14,8,.636,2.27,0.07,,11,5,,8,3,,6,4,,1649,1492,,885,594,1264,.470,228,638,.357,233,334,.698,205,773,325,149,44,286,354
352,Wright State,23,18,5,.783,8.92,-6.34,,16,4,,9,3,,9,2,,1875,1524,,920,681,1410,.483,173,465,.372,340,473,.719,273,968,362,133,83,294,308
353,Wyoming,21,12,9,.571,-3.54,-3.59,,4,8,,6,5,,4,4,,1599,1598,,850,541,1225,.442,209,601,.348,308,429,.718,179,689,291,121,45,240,404
354,Xavier,16,12,4,.750,13.36,5.98,,5,4,,10,2,,2,2,,1232,1114,,645,457,980,.466,130,380,.342,188,276,.681,155,619,295,116,68,187,241
355,Yale,0,0,0,,,,,0,0,,0,0,,0,0,,,,,,,,,,,,,,,,,,,,,
356,Youngstown State,25,14,11,.560,-8.79,-6.46,,9,11,,9,5,,5,6,,1853,1805,,1010,656,1547,.424,165,549,.301,376,520,.723,328,922,314,151,42,281,412
